"post_title","post_name","post_content","yoast_wpseo_title","yoast_wpseo_metadesc","yoast_wpseo_focuskw","related_terms","schema_json"
"What Is EBITDA? | Agency M&A Definition","ebitda","<h1>What Is EBITDA? (Agency M&amp;A Definition)</h1>

<p>EBITDA stands for Earnings Before Interest, Taxes, Depreciation, and Amortization. It measures a company's core operating profitability by stripping out financing decisions, tax strategies, and accounting conventions. In agency M&A, EBITDA is the most common baseline for determining what a business is actually worth.</p>

<h2>EBITDA in Agency M&amp;A</h2>

<p>EBITDA is the lingua franca of agency dealmaking. When a buyer says an agency is worth ""6x,"" they almost always mean six times EBITDA. For marketing agencies generating between $500K and $5M in revenue, EBITDA margins typically fall in the 15-30% range, though this varies significantly by discipline. SEO and performance marketing agencies tend to sit at the higher end due to lower labor intensity, while full-service creative shops often land closer to 15-20% because of heavier staffing requirements.</p>

<p>When selling a digital marketing agency, the first thing a serious buyer will do is reconstruct your EBITDA from your profit-and-loss statements. They are looking for consistency — ideally three years of stable or growing EBITDA. A single strong year preceded by flat or declining performance will raise questions about sustainability. Buyers also scrutinize how much of the agency's EBITDA depends on the owner's personal client relationships versus repeatable systems and team-driven delivery. Owner-dependent EBITDA is riskier, and risk compresses multiples.</p>

<h2>How EBITDA Affects Agency Valuation</h2>

<p>EBITDA directly determines your headline valuation. Marketing agencies typically trade at 4-8x EBITDA, meaning a $200K EBITDA agency might sell for $800K to $1.6M depending on growth rate, client concentration, and contract quality. Agencies with EBITDA margins above 25% often command premium multiples because they signal operational discipline. Conversely, agencies with thin margins — say 10-12% — may struggle to attract institutional buyers at all, since small fluctuations in revenue could wipe out profitability entirely. Buyers also discount EBITDA that appears inflated by deferred spending on staff, technology, or business development, since those costs will resurface post-acquisition.</p>

<h2>Example</h2>

<p>A digital marketing agency generates $2.4M in annual revenue. After accounting for $1.5M in employee salaries, $180K in rent and overhead, and $240K in software and contractor costs, the agency reports $480K in operating profit. Add back $30K in depreciation on office equipment, and EBITDA comes to $510K. At a 5x multiple, the indicative enterprise value is $2.55M. If the owner can demonstrate two more years of similar performance and a diversified client base, a buyer might stretch to 6x, pushing the value to $3.06M.</p>

<h2>Related Terms</h2>

<ul>
<li><a href=""/glossary/adjusted-ebitda/"">Adjusted EBITDA</a></li>
<li><a href=""/glossary/sde/"">SDE (Seller's Discretionary Earnings)</a></li>
<li><a href=""/glossary/valuation-multiple/"">Valuation Multiple</a></li>
<li><a href=""/glossary/enterprise-value/"">Enterprise Value</a></li>
<li><a href=""/glossary/normalized-earnings/"">Normalized Earnings</a></li>
</ul>

<h2>Further Reading</h2>

<ul>
<li><a href=""/agency-valuation/"">Agency Valuation Guide</a></li>
<li><a href=""/agency-valuation-multiples/"">Agency Valuation Multiples</a></li>
<li><a href=""/sell-your-agency/"">Sell Your Agency</a></li>
</ul>

<p><strong>Ready to find out what your agency is worth?</strong></p>

<p><a href=""/agency-valuation/"">Get Your Agency Valued</a> | <a href=""/contact-us/"">Schedule a Call</a></p>","EBITDA in Agency M&A - Guide | Agencies.co","Learn how EBITDA drives marketing agency valuations in M&A deals. Understand margins, multiples, and what buyers look for. Explore Agencies.co.","agency EBITDA","adjusted-ebitda,sde,valuation-multiple,enterprise-value,normalized-earnings","{""@context"":""https://schema.org"",""@graph"":[{""@type"":""DefinedTerm"",""name"":""EBITDA"",""description"":""EBITDA stands for Earnings Before Interest, Taxes, Depreciation, and Amortization. It measures a company's core operating profitability by stripping out financing decisions, tax strategies, and accounting conventions. In agency M&A, EBITDA is the most common baseline for determining what a business is actually worth."",""url"":""https://agencies.co/glossary/ebitda/"",""inDefinedTermSet"":{""@type"":""DefinedTermSet"",""name"":""Agency M&A Glossary"",""url"":""https://agencies.co/glossary/""}},{""@type"":""BreadcrumbList"",""itemListElement"":[{""@type"":""ListItem"",""position"":1,""name"":""Home"",""item"":""https://agencies.co/""},{""@type"":""ListItem"",""position"":2,""name"":""Glossary"",""item"":""https://agencies.co/glossary/""},{""@type"":""ListItem"",""position"":3,""name"":""EBITDA"",""item"":""https://agencies.co/glossary/ebitda/""}]}]}"
"What Is SDE (Seller's Discretionary Earnings)? | Agency M&A Definition","sde","<h1>What Is SDE (Seller's Discretionary Earnings)? (Agency M&amp;A Definition)</h1>

<p>Seller's Discretionary Earnings is a profitability metric that adds the owner's total compensation — salary, benefits, perks, and personal expenses run through the business — back into net income along with interest, taxes, depreciation, and amortization. SDE represents the total financial benefit available to a single owner-operator and is the preferred valuation metric for smaller, owner-run agencies.</p>

<h2>SDE (Seller's Discretionary Earnings) in Agency M&amp;A</h2>

<p>SDE is the go-to metric for valuing marketing agencies under roughly $1.5M in revenue where the owner is deeply embedded in operations. In these smaller shops, the owner often wears multiple hats — running client strategy, managing a small team, handling new business development — and their compensation structure reflects that. They might take a $150K salary, run a $12K car lease through the business, pay for a home office, and cover personal travel that blends with client visits.</p>

<p>Buyers evaluating a creative agency at this scale understand they are essentially purchasing the owner's job plus whatever systems and client relationships exist independently. SDE captures the true economic output by asking: if a new owner stepped in tomorrow and replaced all of these personal expenses with their own compensation preferences, what would the business actually throw off? This makes SDE more honest than EBITDA for owner-operated agencies, where the line between personal and business expenses is blurry. As agencies grow past $2M in revenue and install professional management layers, buyers typically shift to EBITDA as the primary metric.</p>

<h2>How SDE (Seller's Discretionary Earnings) Affects Agency Valuation</h2>

<p>SDE-based valuations typically produce multiples in the 2-4x range for marketing agencies, lower than EBITDA multiples because the buyer is also acquiring the obligation to replace the owner's labor. A high SDE relative to revenue signals an efficiently run agency, but buyers will discount the figure if the owner's role would require hiring two or more people to replace. The gap between SDE and EBITDA reveals how much the owner is extracting — a large gap suggests heavy owner dependence, which increases transition risk and can compress the multiple by 0.5-1x. Buyers also examine whether discretionary add-backs are genuinely discretionary or if cutting them would harm the business.</p>

<h2>Example</h2>

<p>An owner-operated social media agency reports $180K in net income on $900K revenue. The owner pays herself a $130K salary, takes $18K in health insurance benefits, expenses $9K in personal travel, and runs a $7K phone and internet package through the business. SDE equals $180K net income plus $130K salary plus $18K benefits plus $9K travel plus $7K personal expenses, totaling $344K. At a 3x SDE multiple, the agency is valued at $1.03M. A buyer estimates they would need to hire a general manager at $95K to replace the owner's operational role, effectively reducing the post-acquisition earnings to $249K.</p>

<h2>Related Terms</h2>

<ul>
<li><a href=""/glossary/ebitda/"">EBITDA</a></li>
<li><a href=""/glossary/adjusted-ebitda/"">Adjusted EBITDA</a></li>
<li><a href=""/glossary/normalized-earnings/"">Normalized Earnings</a></li>
<li><a href=""/glossary/valuation-multiple/"">Valuation Multiple</a></li>
</ul>

<h2>Further Reading</h2>

<ul>
<li><a href=""/agency-valuation/"">Agency Valuation Guide</a></li>
<li><a href=""/sell-your-agency/"">Sell Your Agency</a></li>
<li><a href=""/agency-valuation-multiples/"">Agency Valuation Multiples</a></li>
</ul>

<p><strong>Ready to find out what your agency is worth?</strong></p>

<p><a href=""/agency-valuation/"">Get Your Agency Valued</a> | <a href=""/contact-us/"">Schedule a Call</a></p>","SDE in Agency M&A - Guide | Agencies.co","Understand Seller's Discretionary Earnings (SDE) for marketing agency valuations. Learn when SDE beats EBITDA and how buyers use it. Visit Agencies.co.","seller's discretionary earnings agency","ebitda,adjusted-ebitda,normalized-earnings,valuation-multiple","{""@context"":""https://schema.org"",""@graph"":[{""@type"":""DefinedTerm"",""name"":""SDE (Seller's Discretionary Earnings)"",""description"":""Seller's Discretionary Earnings is a profitability metric that adds the owner's total compensation \u2014 salary, benefits, perks, and personal expenses run through the business \u2014 back into net income along with interest, taxes, depreciation, and amortization. SDE represents the total financial benefit available to a single owner-operator and is the preferred valuation metric for smaller, owner-run agencies."",""url"":""https://agencies.co/glossary/sde/"",""inDefinedTermSet"":{""@type"":""DefinedTermSet"",""name"":""Agency M&A Glossary"",""url"":""https://agencies.co/glossary/""}},{""@type"":""BreadcrumbList"",""itemListElement"":[{""@type"":""ListItem"",""position"":1,""name"":""Home"",""item"":""https://agencies.co/""},{""@type"":""ListItem"",""position"":2,""name"":""Glossary"",""item"":""https://agencies.co/glossary/""},{""@type"":""ListItem"",""position"":3,""name"":""SDE (Seller's Discretionary Earnings)"",""item"":""https://agencies.co/glossary/sde/""}]}]}"
"What Is Valuation Multiple? | Agency M&A Definition","valuation-multiple","<h1>What Is Valuation Multiple? (Agency M&amp;A Definition)</h1>

<p>A valuation multiple is the factor applied to a financial metric — usually EBITDA or SDE — to estimate an agency's total value. It functions as a shorthand for risk and growth potential: higher multiples signal lower perceived risk and stronger growth prospects, while lower multiples reflect concerns about sustainability, concentration, or market position.</p>

<h2>Valuation Multiple in Agency M&amp;A</h2>

<p>Marketing agencies typically trade at 4-8x EBITDA, though the range widens depending on specialization, scale, and deal structure. A niche performance marketing agency with strong recurring retainers and low client concentration might command 7-8x, while a generalist creative shop dependent on project-based work might land at 4-5x. The multiple essentially prices in everything the buyer cannot see in the financials alone — brand reputation, team stability, market position, and growth trajectory.</p>

<p>When selling a digital marketing agency, understanding what drives multiples up or down is arguably more valuable than the financial statements themselves. Buyers in the UK market may reference slightly different ranges — typically £-denominated deals see multiples 0.5-1x lower than comparable US transactions due to market depth differences. Strategic buyers, such as holding companies assembling a portfolio of specialist agencies, often pay higher multiples than financial buyers because they can extract synergies. The final negotiated multiple also reflects deal structure: a higher headline multiple often comes with earnout provisions that shift risk back to the seller.</p>

<h2>How Valuation Multiple Affects Agency Valuation</h2>

<p>The multiple is the single largest lever in any agency deal. A shift of just 1x on a $400K EBITDA agency changes the price by $400K — often the difference between a life-changing exit and a disappointing one. Multiples are influenced by revenue growth rate (agencies growing above 20% annually earn premium multiples), gross margin stability, contract length, and client diversification. Agencies with more than 30% of revenue from a single client typically see their multiple discounted by 1-2x. Recurring revenue models — monthly retainers with 12-month terms — push multiples higher than project-based agencies because they reduce revenue volatility and improve forecasting accuracy for the buyer.</p>

<h2>Example</h2>

<p>Two SEO agencies each produce $350K in EBITDA. Agency A has 80% retainer-based revenue, no client above 12% of revenue, and has grown 25% year over year. Agency B relies on project work, has one client representing 35% of revenue, and grew 5% last year. Agency A receives offers at 7x EBITDA ($2.45M), while Agency B attracts interest at 4.5x ($1.575M). The $875K difference comes entirely from the multiple, driven by risk profile and growth trajectory rather than current profitability.</p>

<h2>Related Terms</h2>

<ul>
<li><a href=""/glossary/ebitda/"">EBITDA</a></li>
<li><a href=""/glossary/enterprise-value/"">Enterprise Value</a></li>
<li><a href=""/glossary/adjusted-ebitda/"">Adjusted EBITDA</a></li>
<li><a href=""/glossary/rule-of-40/"">Rule of 40</a></li>
</ul>

<h2>Further Reading</h2>

<ul>
<li><a href=""/agency-valuation-multiples/"">Agency Valuation Multiples</a></li>
<li><a href=""/agency-valuation/"">Agency Valuation Guide</a></li>
<li><a href=""/ma-blog/"">Agency M&A Blog</a></li>
</ul>

<p><strong>Ready to find out what your agency is worth?</strong></p>

<p><a href=""/agency-valuation/"">Get Your Agency Valued</a> | <a href=""/contact-us/"">Schedule a Call</a></p>","Valuation Multiples in Agency M&A | Agencies.co","Discover what drives valuation multiples for marketing agencies in M&A. Learn the 4-8x EBITDA range and what pushes yours higher. Visit Agencies.co.","agency valuation multiple","ebitda,enterprise-value,adjusted-ebitda,rule-of-40","{""@context"":""https://schema.org"",""@graph"":[{""@type"":""DefinedTerm"",""name"":""Valuation Multiple"",""description"":""A valuation multiple is the factor applied to a financial metric \u2014 usually EBITDA or SDE \u2014 to estimate an agency's total value. It functions as a shorthand for risk and growth potential: higher multiples signal lower perceived risk and stronger growth prospects, while lower multiples reflect concerns about sustainability, concentration, or market position."",""url"":""https://agencies.co/glossary/valuation-multiple/"",""inDefinedTermSet"":{""@type"":""DefinedTermSet"",""name"":""Agency M&A Glossary"",""url"":""https://agencies.co/glossary/""}},{""@type"":""BreadcrumbList"",""itemListElement"":[{""@type"":""ListItem"",""position"":1,""name"":""Home"",""item"":""https://agencies.co/""},{""@type"":""ListItem"",""position"":2,""name"":""Glossary"",""item"":""https://agencies.co/glossary/""},{""@type"":""ListItem"",""position"":3,""name"":""Valuation Multiple"",""item"":""https://agencies.co/glossary/valuation-multiple/""}]}]}"
"What Is Letter of Intent? | Agency M&A Definition","letter-of-intent","<h1>What Is Letter of Intent? (Agency M&amp;A Definition)</h1>

<p>A Letter of Intent (LOI) is a written document outlining the preliminary terms of a proposed acquisition, including price, deal structure, timeline, and key conditions. While mostly non-binding, certain provisions — typically exclusivity and confidentiality — carry legal weight. The LOI signals serious buyer commitment and moves the transaction from exploratory conversations into formal deal process.</p>

<h2>Letter of Intent in Agency M&amp;A</h2>

<p>In agency M&A, the LOI is the moment a deal shifts from theoretical to real. Before the LOI, conversations are speculative — founders are fielding interest, sharing high-level financials, and gauging fit. Once a buyer issues an LOI, both sides commit meaningful time and resources to due diligence, legal review, and integration planning.</p>

<p>When selling a digital marketing agency, founders often receive LOIs that look deceptively simple — a two-page document with a headline number, a vague earnout structure, and a 60-day exclusivity window. This simplicity can be misleading. The terms sketched in the LOI set the negotiating frame for the entire deal. If the LOI states a 5x EBITDA valuation with a 30% earnout, the final purchase agreement will almost certainly orbit around those parameters. Sellers who negotiate aggressively at the LOI stage — pushing for clearer earnout metrics, shorter exclusivity, or working capital definitions — consistently achieve better final outcomes. Buyers evaluating a creative agency typically issue LOIs after reviewing two to three years of financials, a client list summary, and an initial management meeting.</p>

<h2>How Letter of Intent Affects Agency Valuation</h2>

<p>The LOI establishes the valuation anchor for the entire transaction. Research on negotiation dynamics shows that the first number on the table disproportionately influences the final price, making the LOI the most consequential document before the purchase agreement itself. Key valuation-related LOI provisions include the headline purchase price, the split between cash at closing and deferred consideration (earnouts, seller notes), working capital targets, and any price adjustment mechanisms. Sellers should pay close attention to whether the LOI references enterprise value or equity value — the difference can be hundreds of thousands of dollars once debt and cash adjustments are applied.</p>

<h2>Example</h2>

<p>A buyer issues an LOI to acquire a $3.2M-revenue content marketing agency with $640K adjusted EBITDA. The LOI proposes a purchase price of $3.52M (5.5x EBITDA), structured as $2.46M cash at closing (70%), a $528K seller note paid over 24 months, and a $528K earnout tied to retaining 90% of revenue through the first post-closing year. The LOI includes a 45-day exclusivity period and requires completion of due diligence as a condition to closing. The seller negotiates the earnout threshold down to 85% revenue retention and shortens exclusivity to 30 days before signing.</p>

<h2>Related Terms</h2>

<ul>
<li><a href=""/glossary/due-diligence/"">Due Diligence</a></li>
<li><a href=""/glossary/purchase-agreement/"">Purchase Agreement</a></li>
<li><a href=""/glossary/exclusivity-period/"">Exclusivity Period</a></li>
<li><a href=""/glossary/earnout/"">Earnout</a></li>
</ul>

<h2>Further Reading</h2>

<ul>
<li><a href=""/sell-your-agency/"">Sell Your Agency</a></li>
<li><a href=""/ma-blog/"">Agency M&A Blog</a></li>
<li><a href=""/agency-valuation/"">Agency Valuation Guide</a></li>
</ul>

<p><strong>Ready to find out what your agency is worth?</strong></p>

<p><a href=""/agency-valuation/"">Get Your Agency Valued</a> | <a href=""/contact-us/"">Schedule a Call</a></p>","Letter of Intent in Agency M&A | Agencies.co","Learn how Letters of Intent shape marketing agency acquisitions. Understand key LOI terms, exclusivity, and negotiation tips. Explore Agencies.co today.","agency letter of intent","due-diligence,purchase-agreement,exclusivity-period,earnout","{""@context"":""https://schema.org"",""@graph"":[{""@type"":""DefinedTerm"",""name"":""Letter of Intent"",""description"":""A Letter of Intent (LOI) is a written document outlining the preliminary terms of a proposed acquisition, including price, deal structure, timeline, and key conditions. While mostly non-binding, certain provisions \u2014 typically exclusivity and confidentiality \u2014 carry legal weight. The LOI signals serious buyer commitment and moves the transaction from exploratory conversations into formal deal process."",""url"":""https://agencies.co/glossary/letter-of-intent/"",""inDefinedTermSet"":{""@type"":""DefinedTermSet"",""name"":""Agency M&A Glossary"",""url"":""https://agencies.co/glossary/""}},{""@type"":""BreadcrumbList"",""itemListElement"":[{""@type"":""ListItem"",""position"":1,""name"":""Home"",""item"":""https://agencies.co/""},{""@type"":""ListItem"",""position"":2,""name"":""Glossary"",""item"":""https://agencies.co/glossary/""},{""@type"":""ListItem"",""position"":3,""name"":""Letter of Intent"",""item"":""https://agencies.co/glossary/letter-of-intent/""}]}]}"
"What Is Due Diligence? | Agency M&A Definition","due-diligence","<h1>What Is Due Diligence? (Agency M&amp;A Definition)</h1>

<p>Due diligence is the formal investigation process a buyer conducts after signing a Letter of Intent to verify all material facts about the target agency. It covers financials, legal obligations, client contracts, employee arrangements, and operational systems. The findings either confirm the deal terms, lead to renegotiation, or in some cases, kill the transaction entirely.</p>

<h2>Due Diligence in Agency M&amp;A</h2>

<p>Due diligence in agency M&A is uniquely challenging because so much of an agency's value lives in intangible assets — client relationships, team talent, institutional knowledge, and brand reputation. Unlike acquiring a software company where you can audit code and subscription metrics, buying a marketing agency requires evaluating the stickiness of human relationships and the sustainability of creative output.</p>

<p>Buyers evaluating a creative agency typically focus on five areas during diligence: financial verification (are the reported numbers accurate and recurring?), client analysis (how concentrated is revenue and what do contracts actually guarantee?), talent assessment (will key staff stay post-acquisition?), legal review (are there any pending disputes, IP issues, or problematic contract terms?), and operational infrastructure (are there systems that run without the founder?). For agencies in the $1M-$5M revenue range, the diligence process typically takes 30-60 days and involves sharing access to accounting software, CRM data, project management tools, HR records, and client agreements. Sellers should prepare a data room well before going to market — agencies that can produce organized documentation quickly signal professionalism and reduce buyer anxiety.</p>

<h2>How Due Diligence Affects Agency Valuation</h2>

<p>Due diligence findings routinely adjust deal valuations by 10-25%. Common discoveries that reduce price include understated contractor costs that inflate margins, verbal client agreements with no contractual protection, key person dependencies not disclosed during negotiations, and pending or threatened legal claims. On the flip side, thorough diligence occasionally reveals upside — untapped service lines, underpriced contracts ready for renewal, or stronger-than-expected client lifetime values — though this is less common. Buyers often use a quality of earnings analysis during diligence, which can reclassify one-time revenues as non-recurring, effectively reducing EBITDA and compressing the deal value.</p>

<h2>Example</h2>

<p>A buyer agrees to acquire a paid media agency for $2.8M based on $560K adjusted EBITDA (5x multiple). During due diligence, the buyer discovers that $85K of reported revenue came from a one-time project that will not recur, and $40K in contractor costs were misclassified as a capital expense. Adjusted EBITDA drops to $435K. The buyer renegotiates the price to $2.175M (5x the revised EBITDA), a $625K reduction. The seller, having already signed an exclusivity agreement, accepts $2.3M after further negotiation — still $500K less than the original LOI.</p>

<h2>Related Terms</h2>

<ul>
<li><a href=""/glossary/data-room/"">Data Room</a></li>
<li><a href=""/glossary/quality-of-earnings/"">Quality of Earnings</a></li>
<li><a href=""/glossary/representations-and-warranties/"">Representations and Warranties</a></li>
<li><a href=""/glossary/letter-of-intent/"">Letter of Intent</a></li>
</ul>

<h2>Further Reading</h2>

<ul>
<li><a href=""/sell-your-agency/"">Sell Your Agency</a></li>
<li><a href=""/agency-valuation/"">Agency Valuation Guide</a></li>
<li><a href=""/ma-blog/"">Agency M&A Blog</a></li>
</ul>

<p><strong>Ready to find out what your agency is worth?</strong></p>

<p><a href=""/agency-valuation/"">Get Your Agency Valued</a> | <a href=""/contact-us/"">Schedule a Call</a></p>","Due Diligence in Agency M&A | Agencies.co","Understand due diligence when buying or selling a marketing agency. Learn what buyers investigate and how to prepare your agency. Visit Agencies.co.","agency due diligence","data-room,quality-of-earnings,representations-and-warranties,letter-of-intent","{""@context"":""https://schema.org"",""@graph"":[{""@type"":""DefinedTerm"",""name"":""Due Diligence"",""description"":""Due diligence is the formal investigation process a buyer conducts after signing a Letter of Intent to verify all material facts about the target agency. It covers financials, legal obligations, client contracts, employee arrangements, and operational systems. The findings either confirm the deal terms, lead to renegotiation, or in some cases, kill the transaction entirely."",""url"":""https://agencies.co/glossary/due-diligence/"",""inDefinedTermSet"":{""@type"":""DefinedTermSet"",""name"":""Agency M&A Glossary"",""url"":""https://agencies.co/glossary/""}},{""@type"":""BreadcrumbList"",""itemListElement"":[{""@type"":""ListItem"",""position"":1,""name"":""Home"",""item"":""https://agencies.co/""},{""@type"":""ListItem"",""position"":2,""name"":""Glossary"",""item"":""https://agencies.co/glossary/""},{""@type"":""ListItem"",""position"":3,""name"":""Due Diligence"",""item"":""https://agencies.co/glossary/due-diligence/""}]}]}"
"What Is Earnout? | Agency M&A Definition","earnout","<h1>What Is Earnout? (Agency M&amp;A Definition)</h1>

<p>An earnout is a deal structure where a portion of the purchase price is contingent on the agency achieving specific performance targets after closing. It bridges the gap between what a seller believes the business is worth and what a buyer is willing to guarantee upfront. Earnout payments are typically tied to revenue retention, EBITDA thresholds, or client retention metrics over a one-to-three-year period.</p>

<h2>Earnout in Agency M&amp;A</h2>

<p>Earnouts are extremely common in marketing agency acquisitions — some estimates suggest they appear in 60-70% of deals. The reason is straightforward: agency value is heavily tied to people and relationships, both of which can walk out the door after a sale. A buyer paying $3M for an agency wants assurance that the clients and talent that generated the historical earnings will still be there in 18 months.</p>

<p>When selling a digital marketing agency, the earnout structure deserves as much scrutiny as the headline price. Sellers should push for metrics they can control — revenue retention rather than profitability targets, since post-acquisition cost decisions typically fall to the buyer. The measurement period matters enormously: a 12-month earnout is far less risky for a seller than a 36-month arrangement where organizational changes, new management, or strategic pivots could undermine performance. Sellers should also negotiate clear definitions of what counts toward earnout calculations, dispute resolution mechanisms, and protections against the buyer deliberately undermining earnout targets by reassigning clients or cutting resources. In the UK market (£-denominated deals), earnouts tend to be structured over longer periods, often 24-36 months, reflecting different market conventions.</p>

<h2>How Earnout Affects Agency Valuation</h2>

<p>Earnouts directly affect the risk-adjusted value of a deal. A $2M acquisition with $500K in earnout is not a $2M deal — it is a $1.5M guaranteed deal with upside potential. Sellers should discount earnout payments by their probability of achievement when comparing offers. An all-cash offer at 4.5x EBITDA is often worth more in practice than a 6x offer where 30% is tied to aggressive earnout targets. From the buyer's perspective, earnouts reduce downside risk and align the seller's incentives with post-acquisition performance. The most contentious earnout negotiations center on whether the buyer can make operational changes that affect earnout metrics — sellers need contractual guardrails to prevent this.</p>

<h2>Example</h2>

<p>A branding agency with $480K EBITDA accepts a $2.88M acquisition (6x EBITDA) structured as $1.92M at closing (67%) and a $960K earnout paid in two equal installments. The first $480K installment requires maintaining at least 90% of trailing twelve-month revenue through year one. The second $480K requires hitting $520K EBITDA in year two. The seller hits the revenue target in year one and collects $480K. However, the buyer hires three additional staff members in year two, pushing costs up and dropping EBITDA to $470K — just below the threshold. The seller misses the second earnout, receiving $2.4M total instead of $2.88M.</p>

<h2>Related Terms</h2>

<ul>
<li><a href=""/glossary/purchase-agreement/"">Purchase Agreement</a></li>
<li><a href=""/glossary/holdback/"">Holdback</a></li>
<li><a href=""/glossary/seller-financing/"">Seller Financing</a></li>
<li><a href=""/glossary/closing-conditions/"">Closing Conditions</a></li>
</ul>

<h2>Further Reading</h2>

<ul>
<li><a href=""/sell-your-agency/"">Sell Your Agency</a></li>
<li><a href=""/agency-valuation/"">Agency Valuation Guide</a></li>
<li><a href=""/ma-blog/"">Agency M&A Blog</a></li>
</ul>

<p><strong>Ready to find out what your agency is worth?</strong></p>

<p><a href=""/agency-valuation/"">Get Your Agency Valued</a> | <a href=""/contact-us/"">Schedule a Call</a></p>","Earnouts in Agency M&A - Guide | Agencies.co","Learn how earnouts work in marketing agency acquisitions. Understand targets, risks, and negotiation strategies for sellers and buyers. Visit Agencies.co.","agency earnout","purchase-agreement,holdback,seller-financing,closing-conditions","{""@context"":""https://schema.org"",""@graph"":[{""@type"":""DefinedTerm"",""name"":""Earnout"",""description"":""An earnout is a deal structure where a portion of the purchase price is contingent on the agency achieving specific performance targets after closing. It bridges the gap between what a seller believes the business is worth and what a buyer is willing to guarantee upfront. Earnout payments are typically tied to revenue retention, EBITDA thresholds, or client retention metrics over a one-to-three-year period."",""url"":""https://agencies.co/glossary/earnout/"",""inDefinedTermSet"":{""@type"":""DefinedTermSet"",""name"":""Agency M&A Glossary"",""url"":""https://agencies.co/glossary/""}},{""@type"":""BreadcrumbList"",""itemListElement"":[{""@type"":""ListItem"",""position"":1,""name"":""Home"",""item"":""https://agencies.co/""},{""@type"":""ListItem"",""position"":2,""name"":""Glossary"",""item"":""https://agencies.co/glossary/""},{""@type"":""ListItem"",""position"":3,""name"":""Earnout"",""item"":""https://agencies.co/glossary/earnout/""}]}]}"
"What Is Working Capital? | Agency M&A Definition","working-capital","<h1>What Is Working Capital? (Agency M&amp;A Definition)</h1>

<p>Working capital is the difference between a company's current assets (cash, accounts receivable, prepaid expenses) and current liabilities (accounts payable, accrued expenses, deferred revenue). It represents the short-term liquidity the business needs to fund day-to-day operations. In agency M&A, the agreed-upon working capital level at closing determines whether the buyer or seller owes an adjustment after the deal closes.</p>

<h2>Working Capital in Agency M&amp;A</h2>

<p>Working capital is one of the most frequently misunderstood and contentious elements in agency transactions. Most marketing agencies operate with relatively thin working capital because they are service businesses — there is no inventory to finance and capital expenditures are minimal. However, the timing mismatches between when agencies pay their people (biweekly or monthly) and when clients pay invoices (often net-30 or net-60) create real working capital requirements.</p>

<p>Buyers evaluating a creative agency will typically calculate a normalized working capital target based on a trailing 12-month average, excluding unusual spikes or dips. The purchase agreement then requires the seller to deliver the business at closing with working capital at or near this target. If the actual working capital at closing falls below the target, the purchase price is reduced dollar-for-dollar. If it exceeds the target, the seller receives additional payment. This mechanism prevents sellers from stripping cash, collecting receivables early, or delaying vendor payments to inflate the closing bank balance. Agencies with large retainer pre-payments can see significant deferred revenue on their balance sheet, which counts as a current liability and reduces working capital — something sellers often overlook during negotiations.</p>

<h2>How Working Capital Affects Agency Valuation</h2>

<p>Working capital adjustments can shift the effective purchase price by $50K-$200K or more for agencies in the $1M-$5M revenue range. The negotiation centers on two questions: what is the normalized working capital target, and how are deviations handled? Sellers benefit from establishing a target that reflects seasonal lows (since they may sell during a strong cash period and keep the excess), while buyers push for a target based on annual averages. Agencies with long payment cycles — common when serving enterprise clients — carry higher receivables and therefore higher working capital requirements, which can create friction at closing. Properly understanding your working capital dynamics before going to market prevents last-minute surprises that can delay or jeopardize a deal.</p>

<h2>Example</h2>

<p>A PR agency agrees to a $1.8M sale. The parties set a normalized working capital target of $120K based on trailing averages. At closing, the agency has $210K in accounts receivable, $30K in prepaid expenses, $75K in accounts payable, and $85K in deferred revenue (retainer pre-payments from clients). Actual working capital is $210K + $30K - $75K - $85K = $80K. Because actual working capital ($80K) falls $40K below the $120K target, the purchase price is reduced by $40K to $1.76M. The seller is surprised — she had focused on the cash in the bank and missed the deferred revenue liability.</p>

<h2>Related Terms</h2>

<ul>
<li><a href=""/glossary/normalized-earnings/"">Normalized Earnings</a></li>
<li><a href=""/glossary/adjusted-ebitda/"">Adjusted EBITDA</a></li>
<li><a href=""/glossary/closing-conditions/"">Closing Conditions</a></li>
<li><a href=""/glossary/purchase-agreement/"">Purchase Agreement</a></li>
</ul>

<h2>Further Reading</h2>

<ul>
<li><a href=""/agency-valuation/"">Agency Valuation Guide</a></li>
<li><a href=""/sell-your-agency/"">Sell Your Agency</a></li>
<li><a href=""/ma-blog/"">Agency M&A Blog</a></li>
</ul>

<p><strong>Ready to find out what your agency is worth?</strong></p>

<p><a href=""/agency-valuation/"">Get Your Agency Valued</a> | <a href=""/contact-us/"">Schedule a Call</a></p>","Working Capital in Agency M&A | Agencies.co","Understand working capital adjustments in marketing agency deals. Learn how targets are set and why they shift your sale price. Explore Agencies.co now.","agency working capital","normalized-earnings,adjusted-ebitda,closing-conditions,purchase-agreement","{""@context"":""https://schema.org"",""@graph"":[{""@type"":""DefinedTerm"",""name"":""Working Capital"",""description"":""Working capital is the difference between a company's current assets (cash, accounts receivable, prepaid expenses) and current liabilities (accounts payable, accrued expenses, deferred revenue). It represents the short-term liquidity the business needs to fund day-to-day operations. In agency M&A, the agreed-upon working capital level at closing determines whether the buyer or seller owes an adjustment after the deal closes."",""url"":""https://agencies.co/glossary/working-capital/"",""inDefinedTermSet"":{""@type"":""DefinedTermSet"",""name"":""Agency M&A Glossary"",""url"":""https://agencies.co/glossary/""}},{""@type"":""BreadcrumbList"",""itemListElement"":[{""@type"":""ListItem"",""position"":1,""name"":""Home"",""item"":""https://agencies.co/""},{""@type"":""ListItem"",""position"":2,""name"":""Glossary"",""item"":""https://agencies.co/glossary/""},{""@type"":""ListItem"",""position"":3,""name"":""Working Capital"",""item"":""https://agencies.co/glossary/working-capital/""}]}]}"
"What Is Asset Sale vs Stock Sale? | Agency M&A Definition","asset-sale-vs-stock-sale","<h1>What Is Asset Sale vs Stock Sale? (Agency M&amp;A Definition)</h1>

<p>An asset sale is a transaction where the buyer purchases specific assets of the agency — client contracts, brand name, equipment, intellectual property — rather than the legal entity itself. A stock sale (or share sale) transfers ownership of the entire corporate entity, including all assets and liabilities. The choice between the two has major implications for tax treatment, liability exposure, and deal complexity.</p>

<h2>Asset Sale vs Stock Sale in Agency M&amp;A</h2>

<p>The asset-versus-stock decision shapes the tax outcome and risk profile for both sides of an agency transaction. Buyers almost always prefer asset sales because they can cherry-pick the assets they want (client contracts, key employees, brand assets) while leaving behind unwanted liabilities like pending legal claims, problematic leases, or old tax obligations. Asset sales also allow buyers to ""step up"" the tax basis of acquired assets, creating depreciation and amortization deductions that reduce future tax liability.</p>

<p>Sellers, on the other hand, typically prefer stock sales — particularly owners of C-corporations — because the proceeds are taxed as long-term capital gains at the shareholder level, avoiding the double taxation that occurs in a C-corp asset sale (where the corporation pays tax on the gain and the shareholder pays again on the distribution). For S-corporations and LLCs, the structural difference is less dramatic, but asset sales can still create a mix of ordinary income and capital gains depending on how the purchase price is allocated across asset categories. When selling a digital marketing agency structured as an LLC, tax counsel should model both scenarios before accepting deal terms. In practice, roughly 70% of small agency acquisitions are structured as asset sales, with the buyer often paying a modest premium to compensate the seller for any tax disadvantage.</p>

<h2>How Asset Sale vs Stock Sale Affects Agency Valuation</h2>

<p>The asset-versus-stock structure can create a tax differential of 5-15% of the purchase price, which often becomes a negotiation point. In an asset sale, the allocation of the purchase price across asset classes — tangible assets, client contracts, non-competes, and goodwill — directly affects both parties' tax positions. Buyers want to allocate more to short-lived assets (non-compete agreements, certain contracts) that can be amortized quickly, while sellers prefer allocation to goodwill, which is taxed at capital gains rates. This allocation negotiation is unique to asset sales and requires both parties to agree on IRS Form 8594. The deal structure also affects which liabilities transfer — in a stock sale, the buyer inherits everything, which is why stock sale buyers typically demand more extensive representations and warranties.</p>

<h2>Example</h2>

<p>An agency owner operating as a C-corporation receives a $2M offer. In a stock sale, the owner pays long-term capital gains tax of approximately 23.8% (federal) on the gain, netting roughly $1.524M on a $2M purchase with minimal basis. In an asset sale, the corporation first pays corporate tax of 21% on the $2M gain ($420K), leaving $1.58M to distribute to the shareholder, who then pays another 23.8% ($376K) in dividend or capital gains tax — netting approximately $1.204M. The $320K difference motivates the seller to request either a stock sale or a gross-up provision where the buyer increases the purchase price to offset the seller's additional tax burden.</p>

<h2>Related Terms</h2>

<ul>
<li><a href=""/glossary/purchase-agreement/"">Purchase Agreement</a></li>
<li><a href=""/glossary/goodwill/"">Goodwill</a></li>
<li><a href=""/glossary/indemnification/"">Indemnification</a></li>
<li><a href=""/glossary/representations-and-warranties/"">Representations and Warranties</a></li>
</ul>

<h2>Further Reading</h2>

<ul>
<li><a href=""/sell-your-agency/"">Sell Your Agency</a></li>
<li><a href=""/agency-valuation/"">Agency Valuation Guide</a></li>
<li><a href=""/ma-blog/"">Agency M&A Blog</a></li>
</ul>

<p><strong>Ready to find out what your agency is worth?</strong></p>

<p><a href=""/agency-valuation/"">Get Your Agency Valued</a> | <a href=""/contact-us/"">Schedule a Call</a></p>","Asset vs Stock Sale for Agencies | Agencies.co","Compare asset sales and stock sales for marketing agency M&A. Understand tax impacts, liability, and which structure fits your deal. Visit Agencies.co.","agency asset sale stock sale","purchase-agreement,goodwill,indemnification,representations-and-warranties","{""@context"":""https://schema.org"",""@graph"":[{""@type"":""DefinedTerm"",""name"":""Asset Sale vs Stock Sale"",""description"":""An asset sale is a transaction where the buyer purchases specific assets of the agency \u2014 client contracts, brand name, equipment, intellectual property \u2014 rather than the legal entity itself. A stock sale (or share sale) transfers ownership of the entire corporate entity, including all assets and liabilities. The choice between the two has major implications for tax treatment, liability exposure, and deal complexity."",""url"":""https://agencies.co/glossary/asset-sale-vs-stock-sale/"",""inDefinedTermSet"":{""@type"":""DefinedTermSet"",""name"":""Agency M&A Glossary"",""url"":""https://agencies.co/glossary/""}},{""@type"":""BreadcrumbList"",""itemListElement"":[{""@type"":""ListItem"",""position"":1,""name"":""Home"",""item"":""https://agencies.co/""},{""@type"":""ListItem"",""position"":2,""name"":""Glossary"",""item"":""https://agencies.co/glossary/""},{""@type"":""ListItem"",""position"":3,""name"":""Asset Sale vs Stock Sale"",""item"":""https://agencies.co/glossary/asset-sale-vs-stock-sale/""}]}]}"
"What Is Non-Compete Agreement? | Agency M&A Definition","non-compete-agreement","<h1>What Is Non-Compete Agreement? (Agency M&amp;A Definition)</h1>

<p>A non-compete agreement is a contractual clause that prevents the selling agency owner from starting or joining a competing business for a specified period and within a defined geographic or industry scope after the sale closes. In agency M&A, non-competes protect the buyer's investment by ensuring the former owner does not immediately siphon away clients, employees, or market position.</p>

<h2>Non-Compete Agreement in Agency M&amp;A</h2>

<p>Non-compete agreements are nearly universal in marketing agency acquisitions. When a buyer pays a premium for an agency, they are paying for relationships, reputation, and expertise — all of which reside primarily in the founder's head. Without a non-compete, nothing stops the founder from launching a new agency the day after closing and calling every client to say, ""I'm available again."" This would devastate the value of the acquired business.</p>

<p>Typical non-competes in agency deals restrict the seller from operating, owning, or being employed by a competing marketing agency for two to five years within a relevant geographic area or industry vertical. Broader agencies may see geographic restrictions (e.g., the United States or North America), while niche agencies often use industry-based restrictions (e.g., healthcare marketing or B2B SaaS marketing). Courts in different states enforce non-competes with varying degrees of strictness — California famously refuses to enforce most non-competes, which complicates deals involving California-based agencies. Sellers should negotiate the narrowest reasonable scope: if you ran a paid media agency, being restricted from all marketing consulting for five years may be unnecessarily broad. The non-compete should match the specific services and client base of the acquired agency.</p>

<h2>How Non-Compete Agreement Affects Agency Valuation</h2>

<p>Non-compete agreements directly affect deal economics in two ways. First, a portion of the purchase price is often allocated to the non-compete in the purchase agreement, which has tax implications — payments for non-competes are treated as ordinary income to the seller rather than capital gains, increasing the tax burden. Buyers prefer allocating more to the non-compete for faster amortization deductions, while sellers want to minimize this allocation. Second, the strength and enforceability of the non-compete influences the buyer's confidence in retaining clients post-acquisition, which in turn affects the multiple they are willing to pay. An unenforceable non-compete — due to overly broad terms or unfavorable state law — can reduce the offered multiple by 0.5-1x as the buyer prices in higher client attrition risk.</p>

<h2>Example</h2>

<p>A founder sells her $1.6M-revenue influencer marketing agency for $2.1M. The purchase agreement allocates $210K of the price to a three-year non-compete covering influencer marketing and social media management services in the United States. This $210K is taxed as ordinary income at the founder's marginal rate of 37%, costing her $77,700 in federal tax. Had the same $210K been allocated to goodwill instead, it would have been taxed at the long-term capital gains rate of 20%, costing $42,000 — a $35,700 difference. The founder's attorney negotiates the non-compete allocation down to $130K, saving her approximately $22,100 in taxes.</p>

<h2>Related Terms</h2>

<ul>
<li><a href=""/glossary/transition-period/"">Transition Period</a></li>
<li><a href=""/glossary/purchase-agreement/"">Purchase Agreement</a></li>
<li><a href=""/glossary/change-of-control/"">Change of Control</a></li>
<li><a href=""/glossary/key-person-risk/"">Key Person Risk</a></li>
</ul>

<h2>Further Reading</h2>

<ul>
<li><a href=""/sell-your-agency/"">Sell Your Agency</a></li>
<li><a href=""/ma-blog/"">Agency M&A Blog</a></li>
<li><a href=""/agency-valuation/"">Agency Valuation Guide</a></li>
</ul>

<p><strong>Ready to find out what your agency is worth?</strong></p>

<p><a href=""/agency-valuation/"">Get Your Agency Valued</a> | <a href=""/contact-us/"">Schedule a Call</a></p>","Non-Competes in Agency M&A | Agencies.co","Learn how non-compete agreements work in marketing agency sales. Understand scope, duration, tax impact, and negotiation strategies. Visit Agencies.co.","agency non-compete agreement","transition-period,purchase-agreement,change-of-control,key-person-risk","{""@context"":""https://schema.org"",""@graph"":[{""@type"":""DefinedTerm"",""name"":""Non-Compete Agreement"",""description"":""A non-compete agreement is a contractual clause that prevents the selling agency owner from starting or joining a competing business for a specified period and within a defined geographic or industry scope after the sale closes. In agency M&A, non-competes protect the buyer's investment by ensuring the former owner does not immediately siphon away clients, employees, or market position."",""url"":""https://agencies.co/glossary/non-compete-agreement/"",""inDefinedTermSet"":{""@type"":""DefinedTermSet"",""name"":""Agency M&A Glossary"",""url"":""https://agencies.co/glossary/""}},{""@type"":""BreadcrumbList"",""itemListElement"":[{""@type"":""ListItem"",""position"":1,""name"":""Home"",""item"":""https://agencies.co/""},{""@type"":""ListItem"",""position"":2,""name"":""Glossary"",""item"":""https://agencies.co/glossary/""},{""@type"":""ListItem"",""position"":3,""name"":""Non-Compete Agreement"",""item"":""https://agencies.co/glossary/non-compete-agreement/""}]}]}"
"What Are Representations and Warranties? | Agency M&A Definition","representations-and-warranties","<h1>What Are Representations and Warranties? (Agency M&amp;A Definition)</h1>

<p>Representations and warranties are formal statements of fact made by the seller (and sometimes the buyer) in the purchase agreement about the condition and legal standing of the agency. Representations describe the current state of affairs, while warranties promise those statements will remain true through closing. If any representation or warranty turns out to be false, the injured party may have grounds for indemnification or, in extreme cases, unwinding the deal.</p>

<h2>Representations and Warranties in Agency M&amp;A</h2>

<p>Representations and warranties form the legal backbone of any agency acquisition agreement. They require the seller to formally confirm critical facts: the financial statements are accurate, the agency owns its intellectual property, there are no undisclosed lawsuits, all client contracts are valid and transferable, employees are properly classified, and tax obligations are current. For marketing agencies specifically, several reps carry outsized importance.</p>

<p>Client contract representations matter because agencies often operate on informal arrangements — a handshake deal with a long-standing client or an auto-renewing retainer with no written agreement. Buyers need to know exactly what contractual protections exist. Employee and contractor classification is another hot-button area, since agencies frequently use freelancers and the line between contractor and employee is heavily scrutinized by tax authorities. Intellectual property representations confirm that the agency actually owns the work it has produced and has proper licenses for any third-party tools, stock assets, or software used in client deliverables. Buyers evaluating a creative agency with a portfolio of brand work will want ironclad IP reps confirming the agency is not exposed to infringement claims. The specificity and breadth of reps and warranties often correlate with deal size — a $500K acquisition might have a streamlined set, while a $4M deal could include 30 or more detailed representations.</p>

<h2>How Representations and Warranties Affect Agency Valuation</h2>

<p>Representations and warranties shape the risk allocation between buyer and seller, which indirectly affects the effective price. Broader, more comprehensive reps give the buyer stronger post-closing remedies if problems emerge, making them more comfortable paying a higher multiple. Conversely, a seller who pushes back heavily on reps — qualifying everything with materiality thresholds and knowledge qualifiers — may signal hidden risks that cause the buyer to reduce the offered price or increase the holdback or escrow amount. The survival period of reps (how long after closing the buyer can bring claims) typically ranges from 12 to 24 months for general reps and up to the statute of limitations for fundamental reps like tax and ownership. Representation and warranty insurance, which covers losses from breached reps, is becoming more common in agency deals above $3M, allowing cleaner exits for sellers.</p>

<h2>Example</h2>

<p>A buyer acquires a $2.5M-revenue email marketing agency for $3M. The purchase agreement includes a representation that all client contracts are properly executed and assignable. Nine months after closing, the buyer discovers that three clients representing $380K in annual revenue had only verbal agreements, and two of them decline to sign new contracts with the acquiring company. The buyer files an indemnification claim against the $300K holdback, arguing the seller breached the client contract representation. After negotiation, $190K of the holdback is released to the buyer as compensation for the lost revenue, effectively reducing the seller's total proceeds from $3M to $2.81M.</p>

<h2>Related Terms</h2>

<ul>
<li><a href=""/glossary/indemnification/"">Indemnification</a></li>
<li><a href=""/glossary/holdback/"">Holdback</a></li>
<li><a href=""/glossary/escrow/"">Escrow</a></li>
<li><a href=""/glossary/purchase-agreement/"">Purchase Agreement</a></li>
<li><a href=""/glossary/due-diligence/"">Due Diligence</a></li>
</ul>

<h2>Further Reading</h2>

<ul>
<li><a href=""/sell-your-agency/"">Sell Your Agency</a></li>
<li><a href=""/ma-blog/"">Agency M&A Blog</a></li>
<li><a href=""/agency-valuation/"">Agency Valuation Guide</a></li>
</ul>

<p><strong>Ready to find out what your agency is worth?</strong></p>

<p><a href=""/agency-valuation/"">Get Your Agency Valued</a> | <a href=""/contact-us/"">Schedule a Call</a></p>","Reps & Warranties in Agency M&A | Agencies.co","Understand representations and warranties in marketing agency acquisitions. Learn which reps matter most and how breaches affect you. Visit Agencies.co.","agency representations warranties","indemnification,holdback,escrow,purchase-agreement,due-diligence","{""@context"":""https://schema.org"",""@graph"":[{""@type"":""DefinedTerm"",""name"":""Representations and Warranties"",""description"":""Representations and warranties are formal statements of fact made by the seller (and sometimes the buyer) in the purchase agreement about the condition and legal standing of the agency. Representations describe the current state of affairs, while warranties promise those statements will remain true through closing. If any representation or warranty turns out to be false, the injured party may have grounds for indemnification or, in extreme cases, unwinding the deal."",""url"":""https://agencies.co/glossary/representations-and-warranties/"",""inDefinedTermSet"":{""@type"":""DefinedTermSet"",""name"":""Agency M&A Glossary"",""url"":""https://agencies.co/glossary/""}},{""@type"":""BreadcrumbList"",""itemListElement"":[{""@type"":""ListItem"",""position"":1,""name"":""Home"",""item"":""https://agencies.co/""},{""@type"":""ListItem"",""position"":2,""name"":""Glossary"",""item"":""https://agencies.co/glossary/""},{""@type"":""ListItem"",""position"":3,""name"":""Representations and Warranties"",""item"":""https://agencies.co/glossary/representations-and-warranties/""}]}]}"
"What Is Indemnification? | Agency M&A Definition","indemnification","<h1>What Is Indemnification? (Agency M&amp;A Definition)</h1>

<p>Indemnification is a contractual obligation where one party agrees to compensate the other for specific losses, damages, or liabilities that arise after a deal closes. In agency M&A, it protects the buyer against undisclosed debts, legal claims, or misrepresentations made by the seller during negotiations. Think of it as the seller's promise to make the buyer whole if certain problems surface post-closing.</p>

<h2>Indemnification in Agency M&amp;A</h2>

<p>When buying a marketing agency, indemnification clauses are the buyer's primary safety net against hidden liabilities. Common triggers in agency deals include undisclosed client disputes, intellectual property claims on creative work, misrepresented revenue figures, or outstanding contractor payments the seller failed to disclose. For example, if a seller claimed all client contracts were in good standing but a major account was actually in breach, the indemnification clause would require the seller to cover the resulting losses. Buyers should push for broad indemnification covering representations about client relationships, employee agreements, and financial statements. Sellers, on the other hand, will negotiate to cap indemnification at a percentage of the purchase price — typically 10-20% for agencies in the $1M-$5M range — and limit the survival period to 12-24 months post-closing. The scope and duration of indemnification obligations directly influence how much risk each party carries after the transaction is finalized.</p>

<h2>How Indemnification Affects Agency Valuation</h2>

<p>Indemnification terms shape the effective purchase price by allocating post-closing risk. A buyer who secures strong indemnification protections may agree to a higher headline price because the downside is partially covered. Conversely, sellers facing aggressive indemnification demands often negotiate a higher purchase price to offset potential clawback exposure. In agency deals, indemnification caps typically range from 10-25% of the total purchase price. When a seller resists standard indemnification terms, buyers frequently respond by reducing their offer or increasing holdback amounts, effectively discounting the deal by 5-15% to self-insure against undisclosed risks.</p>

<h2>Example</h2>

<p>A buyer acquires a digital marketing agency for $3.2M. The purchase agreement includes an indemnification clause capping the seller's liability at 20% of the purchase price ($640K) with an 18-month survival period. Six months after closing, the buyer discovers an undisclosed $85K liability from a former client's breach-of-contract claim that predated the sale. The buyer makes an indemnification claim, and the seller reimburses $85K from the holdback escrow. Without this clause, the buyer would have absorbed the full loss, effectively paying $3.285M for the agency.</p>

<h2>Related Terms</h2>

<ul>
<li><a href=""/glossary/representations-and-warranties/"">Representations and Warranties</a></li>
<li><a href=""/glossary/holdback/"">Holdback</a></li>
<li><a href=""/glossary/escrow/"">Escrow</a></li>
<li><a href=""/glossary/purchase-agreement/"">Purchase Agreement</a></li>
</ul>

<h2>Further Reading</h2>

<ul>
<li><a href=""/sell-your-agency/"">Sell Your Agency</a></li>
<li><a href=""/agency-valuation/"">Agency Valuation Guide</a></li>
<li><a href=""/ma-blog/"">Agency M&A Blog</a></li>
</ul>

<p><strong>Ready to find out what your agency is worth?</strong></p>

<p><a href=""/agency-valuation/"">Get Your Agency Valued</a> | <a href=""/contact-us/"">Schedule a Call</a></p>","Indemnification in Agency M&A - Guide | Agencies.co","Learn how indemnification protects buyers and sellers in marketing agency M&A deals. Understand caps, survival periods, and more at Agencies.co.","agency indemnification clause","representations-and-warranties,holdback,escrow,purchase-agreement","{""@context"":""https://schema.org"",""@graph"":[{""@type"":""DefinedTerm"",""name"":""Indemnification"",""description"":""Indemnification is a contractual obligation where one party agrees to compensate the other for specific losses, damages, or liabilities that arise after a deal closes. In agency M&A, it protects the buyer against undisclosed debts, legal claims, or misrepresentations made by the seller during negotiations. Think of it as the seller's promise to make the buyer whole if certain problems surface post-closing."",""url"":""https://agencies.co/glossary/indemnification/"",""inDefinedTermSet"":{""@type"":""DefinedTermSet"",""name"":""Agency M&A Glossary"",""url"":""https://agencies.co/glossary/""}},{""@type"":""BreadcrumbList"",""itemListElement"":[{""@type"":""ListItem"",""position"":1,""name"":""Home"",""item"":""https://agencies.co/""},{""@type"":""ListItem"",""position"":2,""name"":""Glossary"",""item"":""https://agencies.co/glossary/""},{""@type"":""ListItem"",""position"":3,""name"":""Indemnification"",""item"":""https://agencies.co/glossary/indemnification/""}]}]}"
"What Is Net Revenue Retention? | Agency M&A Definition","net-revenue-retention","<h1>What Is Net Revenue Retention? (Agency M&amp;A Definition)</h1>

<p>Net revenue retention (NRR) measures the percentage of recurring revenue retained from existing clients over a set period, accounting for upgrades, downgrades, and cancellations. An NRR above 100% means existing clients are spending more over time, even before new business is factored in. It is one of the clearest indicators of client satisfaction and organic growth potential in an agency.</p>

<h2>Net Revenue Retention in Agency M&amp;A</h2>

<p>For marketing agencies with retainer-based models, net revenue retention is a powerful metric that buyers scrutinize during due diligence. An agency with 110% NRR demonstrates that its existing clients are expanding their engagements — perhaps adding SEO services on top of paid media, or increasing monthly retainer budgets as campaigns prove ROI. Buyers evaluating a creative agency typically view NRR above 105% as a strong signal that client relationships are healthy and the agency delivers measurable value. Conversely, NRR below 90% raises red flags about service quality, account management, or market fit. When selling a digital marketing agency, calculating NRR on a cohort basis — tracking each year's client class separately — provides even deeper insight. An agency might show 95% overall NRR, but cohort analysis could reveal that clients acquired in the last 18 months retain at 115% while legacy clients from a previous service offering are churning. This granularity helps buyers understand where future growth will come from.</p>

<h2>How Net Revenue Retention Affects Agency Valuation</h2>

<p>Net revenue retention directly influences the valuation multiple a buyer is willing to pay. Agencies with NRR consistently above 110% often command premiums of 1-2x additional EBITDA multiple because each existing client represents a growing revenue stream rather than a decaying one. A $2M-revenue agency with 115% NRR might sell at 7x EBITDA, while a comparable agency with 88% NRR might cap at 4.5x. Buyers model NRR into their financial projections: high NRR reduces the assumed cost of replacing churned revenue, which lowers the risk profile and justifies a higher price. Sellers should track and present NRR data for at least 24 months to demonstrate consistency.</p>

<h2>Example</h2>

<p>A performance marketing agency starts the year with $1.8M in annual recurring revenue from 40 retainer clients. Over 12 months, existing clients expand their retainers by a combined $270K, but $144K in revenue is lost to downgrades and cancellations. NRR = ($1.8M + $270K - $144K) / $1.8M = 106.8%. The owner uses this metric during sale negotiations to justify a 6.5x EBITDA multiple rather than the 5x initially offered, arguing that built-in organic growth from the existing client base reduces the buyer's need to invest heavily in new business development.</p>

<h2>Related Terms</h2>

<ul>
<li><a href=""/glossary/recurring-revenue/"">Recurring Revenue</a></li>
<li><a href=""/glossary/churn-rate/"">Churn Rate</a></li>
<li><a href=""/glossary/lifetime-value/"">Lifetime Value</a></li>
<li><a href=""/glossary/valuation-multiple/"">Valuation Multiple</a></li>
</ul>

<h2>Further Reading</h2>

<ul>
<li><a href=""/agency-valuation/"">Agency Valuation Guide</a></li>
<li><a href=""/agency-valuation-multiples/"">Agency Valuation Multiples</a></li>
<li><a href=""/ma-blog/"">Agency M&A Blog</a></li>
</ul>

<p><strong>Ready to find out what your agency is worth?</strong></p>

<p><a href=""/agency-valuation/"">Get Your Agency Valued</a> | <a href=""/contact-us/"">Schedule a Call</a></p>","Net Revenue Retention in Agency M&A | Agencies.co","Understand net revenue retention and why it matters when buying or selling a marketing agency. Learn how NRR affects valuation at Agencies.co.","net revenue retention agency","recurring-revenue,churn-rate,lifetime-value,valuation-multiple","{""@context"":""https://schema.org"",""@graph"":[{""@type"":""DefinedTerm"",""name"":""Net Revenue Retention"",""description"":""Net revenue retention (NRR) measures the percentage of recurring revenue retained from existing clients over a set period, accounting for upgrades, downgrades, and cancellations. An NRR above 100% means existing clients are spending more over time, even before new business is factored in. It is one of the clearest indicators of client satisfaction and organic growth potential in an agency."",""url"":""https://agencies.co/glossary/net-revenue-retention/"",""inDefinedTermSet"":{""@type"":""DefinedTermSet"",""name"":""Agency M&A Glossary"",""url"":""https://agencies.co/glossary/""}},{""@type"":""BreadcrumbList"",""itemListElement"":[{""@type"":""ListItem"",""position"":1,""name"":""Home"",""item"":""https://agencies.co/""},{""@type"":""ListItem"",""position"":2,""name"":""Glossary"",""item"":""https://agencies.co/glossary/""},{""@type"":""ListItem"",""position"":3,""name"":""Net Revenue Retention"",""item"":""https://agencies.co/glossary/net-revenue-retention/""}]}]}"
"What Is Client Concentration? | Agency M&A Definition","client-concentration","<h1>What Is Client Concentration? (Agency M&amp;A Definition)</h1>

<p>Client concentration measures how dependent an agency's revenue is on a small number of clients. It is typically expressed as the percentage of total revenue generated by the top one, three, or five clients. High client concentration is one of the most common deal-breakers in agency M&A because losing a single major account could devastate the business.</p>

<h2>Client Concentration in Agency M&amp;A</h2>

<p>Buyers evaluating a marketing agency will immediately examine the client revenue breakdown. The general rule is that no single client should account for more than 15-20% of total revenue, and the top five clients combined should represent less than 50%. When selling a digital marketing agency with $2M in revenue where one client generates $600K (30%), expect significant pushback from buyers — or a structured deal with earnout provisions tied to that client's retention. The risk is straightforward: if that client leaves after the sale, the buyer has overpaid. Client concentration becomes especially problematic when the relationship is tied to the founder's personal network rather than a formal contract. During due diligence, buyers will examine contract terms, renewal history, and the depth of relationships across multiple contacts at each major account. Agencies with diversified client bases across industries and contract types present a far more attractive acquisition target than those dependent on a handful of large accounts.</p>

<h2>How Client Concentration Affects Agency Valuation</h2>

<p>Client concentration is one of the fastest ways to reduce — or increase — an agency's valuation multiple. An agency with no client representing more than 10% of revenue might trade at 6-7x EBITDA, while an otherwise identical agency with 35% concentration in a single client might see its multiple drop to 4-5x. Some buyers apply a direct discount: for every percentage point above 20% that a single client represents, they reduce the offer by 0.5-1%. Others mitigate the risk through deal structure, placing 15-25% of the purchase price in escrow or earnout provisions contingent on retaining the concentrated client for 12-24 months post-closing.</p>

<h2>Example</h2>

<p>A branding agency generates $2.4M in annual revenue. Its largest client contributes $720K (30%), and the top three clients account for $1.32M (55%). A buyer initially values the agency at 6x EBITDA ($480K EBITDA = $2.88M). Due to client concentration risk, the buyer restructures: $2.1M at closing with $780K held as a two-year earnout contingent on retaining the top client. If the top client churns within year one, the seller forfeits $780K — effectively reducing the sale price to $2.1M, or roughly 4.4x EBITDA.</p>

<h2>Related Terms</h2>

<ul>
<li><a href=""/glossary/key-person-risk/"">Key Person Risk</a></li>
<li><a href=""/glossary/recurring-revenue/"">Recurring Revenue</a></li>
<li><a href=""/glossary/due-diligence/"">Due Diligence</a></li>
<li><a href=""/glossary/valuation-multiple/"">Valuation Multiple</a></li>
</ul>

<h2>Further Reading</h2>

<ul>
<li><a href=""/agency-valuation/"">Agency Valuation Guide</a></li>
<li><a href=""/sell-your-agency/"">Sell Your Agency</a></li>
<li><a href=""/agency-valuation-multiples/"">Agency Valuation Multiples</a></li>
</ul>

<p><strong>Ready to find out what your agency is worth?</strong></p>

<p><a href=""/agency-valuation/"">Get Your Agency Valued</a> | <a href=""/contact-us/"">Schedule a Call</a></p>","Client Concentration in Agency M&A | Agencies.co","Learn how client concentration affects your marketing agency's valuation and deal structure. Reduce risk before selling at Agencies.co.","client concentration agency","key-person-risk,recurring-revenue,due-diligence,valuation-multiple","{""@context"":""https://schema.org"",""@graph"":[{""@type"":""DefinedTerm"",""name"":""Client Concentration"",""description"":""Client concentration measures how dependent an agency's revenue is on a small number of clients. It is typically expressed as the percentage of total revenue generated by the top one, three, or five clients. High client concentration is one of the most common deal-breakers in agency M&A because losing a single major account could devastate the business."",""url"":""https://agencies.co/glossary/client-concentration/"",""inDefinedTermSet"":{""@type"":""DefinedTermSet"",""name"":""Agency M&A Glossary"",""url"":""https://agencies.co/glossary/""}},{""@type"":""BreadcrumbList"",""itemListElement"":[{""@type"":""ListItem"",""position"":1,""name"":""Home"",""item"":""https://agencies.co/""},{""@type"":""ListItem"",""position"":2,""name"":""Glossary"",""item"":""https://agencies.co/glossary/""},{""@type"":""ListItem"",""position"":3,""name"":""Client Concentration"",""item"":""https://agencies.co/glossary/client-concentration/""}]}]}"
"What Is Recurring Revenue? | Agency M&A Definition","recurring-revenue","<h1>What Is Recurring Revenue? (Agency M&amp;A Definition)</h1>

<p>Recurring revenue is predictable, ongoing income generated from client retainers, subscriptions, or long-term contracts that renew on a regular basis. In the agency context, it includes monthly retainers, annual service agreements, and managed-service fees — as opposed to one-time project revenue. Agencies with high proportions of recurring revenue are significantly more valuable in M&A transactions.</p>

<h2>Recurring Revenue in Agency M&amp;A</h2>

<p>When selling a marketing agency, the split between recurring and project-based revenue is one of the first things a buyer will examine. An agency earning $3M in total revenue with $2.1M (70%) from monthly retainers tells a very different story than one with $3M where $2.4M comes from one-off website builds or campaign projects. Buyers value recurring revenue because it provides predictable cash flow, reduces the cost of client acquisition, and makes financial forecasting more reliable. For digital marketing agencies, common sources of recurring revenue include monthly SEO retainers, ongoing paid media management, content marketing subscriptions, and marketing-as-a-service contracts. Agencies preparing for sale should actively convert project clients to retainer relationships 18-24 months before going to market. Even shifting 10-15% of revenue from project to retainer can meaningfully improve the valuation. Buyers also differentiate between soft recurring revenue (month-to-month agreements) and hard recurring revenue (annual contracts with termination clauses), with the latter carrying more weight.</p>

<h2>How Recurring Revenue Affects Agency Valuation</h2>

<p>The proportion of recurring revenue is one of the strongest drivers of valuation multiples in agency M&A. Agencies with 70%+ recurring revenue routinely trade at 6-8x EBITDA, while project-heavy agencies with less than 30% recurring revenue often cap at 3-5x. The premium exists because recurring revenue reduces integration risk for the buyer — they can project future cash flows with greater confidence and borrow against them to finance the acquisition. The quality of recurring revenue matters too: a 24-month managed services contract with a Fortune 500 company is valued more highly than a month-to-month retainer with a small business that could cancel at any time.</p>

<h2>Example</h2>

<p>Two SEO agencies each generate $1.5M in revenue with $300K in EBITDA. Agency A earns 80% ($1.2M) from 12-month retainer contracts averaging $8,000/month per client. Agency B earns 35% ($525K) from retainers with the balance from one-time audits and consulting projects. Agency A sells at 7x EBITDA ($2.1M) while Agency B sells at 4.5x EBITDA ($1.35M) — a $750K difference driven almost entirely by the recurring revenue profile. Agency A's buyer also secures better financing terms, needing only 40% cash at closing versus 60% for Agency B.</p>

<h2>Related Terms</h2>

<ul>
<li><a href=""/glossary/net-revenue-retention/"">Net Revenue Retention</a></li>
<li><a href=""/glossary/churn-rate/"">Churn Rate</a></li>
<li><a href=""/glossary/valuation-multiple/"">Valuation Multiple</a></li>
<li><a href=""/glossary/lifetime-value/"">Lifetime Value</a></li>
</ul>

<h2>Further Reading</h2>

<ul>
<li><a href=""/agency-valuation/"">Agency Valuation Guide</a></li>
<li><a href=""/agency-valuation-multiples/"">Agency Valuation Multiples</a></li>
<li><a href=""/sell-your-agency/"">Sell Your Agency</a></li>
</ul>

<p><strong>Ready to find out what your agency is worth?</strong></p>

<p><a href=""/agency-valuation/"">Get Your Agency Valued</a> | <a href=""/contact-us/"">Schedule a Call</a></p>","Recurring Revenue in Agency M&A | Agencies.co","Discover why recurring revenue is the top valuation driver when selling a marketing agency. Learn how retainers boost multiples at Agencies.co.","agency recurring revenue","net-revenue-retention,churn-rate,valuation-multiple,lifetime-value","{""@context"":""https://schema.org"",""@graph"":[{""@type"":""DefinedTerm"",""name"":""Recurring Revenue"",""description"":""Recurring revenue is predictable, ongoing income generated from client retainers, subscriptions, or long-term contracts that renew on a regular basis. In the agency context, it includes monthly retainers, annual service agreements, and managed-service fees \u2014 as opposed to one-time project revenue. Agencies with high proportions of recurring revenue are significantly more valuable in M&A transactions."",""url"":""https://agencies.co/glossary/recurring-revenue/"",""inDefinedTermSet"":{""@type"":""DefinedTermSet"",""name"":""Agency M&A Glossary"",""url"":""https://agencies.co/glossary/""}},{""@type"":""BreadcrumbList"",""itemListElement"":[{""@type"":""ListItem"",""position"":1,""name"":""Home"",""item"":""https://agencies.co/""},{""@type"":""ListItem"",""position"":2,""name"":""Glossary"",""item"":""https://agencies.co/glossary/""},{""@type"":""ListItem"",""position"":3,""name"":""Recurring Revenue"",""item"":""https://agencies.co/glossary/recurring-revenue/""}]}]}"
"What Is Adjusted EBITDA? | Agency M&A Definition","adjusted-ebitda","<h1>What Is Adjusted EBITDA? (Agency M&amp;A Definition)</h1>

<p>Adjusted EBITDA is a modified version of standard EBITDA (Earnings Before Interest, Taxes, Depreciation, and Amortization) that removes one-time, non-recurring, or owner-specific expenses to reveal the true ongoing profitability of a business. In agency M&A, it is the most common earnings metric used to determine valuation and negotiate purchase price.</p>

<h2>Adjusted EBITDA in Agency M&amp;A</h2>

<p>Marketing agency owners frequently run personal expenses through the business — a car lease, family health insurance, a spouse on payroll in a limited role, conference travel that doubles as vacation. Adjusted EBITDA normalizes these items to show a buyer what the agency would earn under standard corporate management. When selling a digital marketing agency, common adjustments include removing above-market owner compensation (replacing it with a market-rate salary for a general manager), one-time legal or moving costs, personal memberships, and revenue or expenses from discontinued service lines. Buyers also adjust for below-market rent if the agency operates from owner-owned property, and for one-time investments like a website redesign or office build-out. The adjustment process is both an art and a negotiation — sellers want to maximize adjustments to inflate the earnings figure, while buyers scrutinize each add-back for legitimacy. A quality of earnings report from a third-party CPA can resolve disputes and lend credibility to the adjusted figure.</p>

<h2>How Adjusted EBITDA Affects Agency Valuation</h2>

<p>Because purchase price is typically calculated as a multiple of adjusted EBITDA, every dollar of legitimate adjustment directly increases the valuation. At a 6x multiple, a $50K add-back translates to $300K in additional purchase price. This creates strong incentives for sellers to document adjustments thoroughly. Buyers, however, will discount or reject add-backs that appear inflated or speculative. Over-adjusting is a common mistake that erodes buyer trust and can collapse negotiations. In the agency space, typical adjustments increase reported EBITDA by 15-40% — a $2M-revenue agency reporting $350K EBITDA might adjust to $475K after normalizing owner compensation and removing one-time costs, moving the valuation from $2.1M to $2.85M at 6x.</p>

<h2>Example</h2>

<p>A content marketing agency reports $2.8M revenue and $380K EBITDA on its tax returns. During the sale process, the owner identifies adjustments: $120K in above-market owner salary (owner pays himself $220K; a replacement GM would cost $100K), $18K for a personal vehicle lease, $12K for family cell phone plans, and $35K for a one-time office relocation. Adjusted EBITDA becomes $565K ($380K + $185K in add-backs). At a 5.5x multiple, the valuation increases from $2.09M (on reported EBITDA) to $3.11M — a $1.02M difference attributable entirely to proper earnings normalization.</p>

<h2>Related Terms</h2>

<ul>
<li><a href=""/glossary/ebitda/"">EBITDA</a></li>
<li><a href=""/glossary/normalized-earnings/"">Normalized Earnings</a></li>
<li><a href=""/glossary/sde/"">SDE (Seller's Discretionary Earnings)</a></li>
<li><a href=""/glossary/quality-of-earnings/"">Quality of Earnings</a></li>
</ul>

<h2>Further Reading</h2>

<ul>
<li><a href=""/agency-valuation/"">Agency Valuation Guide</a></li>
<li><a href=""/agency-valuation-multiples/"">Agency Valuation Multiples</a></li>
<li><a href=""/ma-blog/"">Agency M&A Blog</a></li>
</ul>

<p><strong>Ready to find out what your agency is worth?</strong></p>

<p><a href=""/agency-valuation/"">Get Your Agency Valued</a> | <a href=""/contact-us/"">Schedule a Call</a></p>","Adjusted EBITDA in Agency M&A | Agencies.co","Learn how adjusted EBITDA is calculated for marketing agencies and why add-backs can dramatically increase your agency's sale price. Agencies.co.","adjusted EBITDA agency","ebitda,normalized-earnings,sde,quality-of-earnings","{""@context"":""https://schema.org"",""@graph"":[{""@type"":""DefinedTerm"",""name"":""Adjusted EBITDA"",""description"":""Adjusted EBITDA is a modified version of standard EBITDA (Earnings Before Interest, Taxes, Depreciation, and Amortization) that removes one-time, non-recurring, or owner-specific expenses to reveal the true ongoing profitability of a business. In agency M&A, it is the most common earnings metric used to determine valuation and negotiate purchase price."",""url"":""https://agencies.co/glossary/adjusted-ebitda/"",""inDefinedTermSet"":{""@type"":""DefinedTermSet"",""name"":""Agency M&A Glossary"",""url"":""https://agencies.co/glossary/""}},{""@type"":""BreadcrumbList"",""itemListElement"":[{""@type"":""ListItem"",""position"":1,""name"":""Home"",""item"":""https://agencies.co/""},{""@type"":""ListItem"",""position"":2,""name"":""Glossary"",""item"":""https://agencies.co/glossary/""},{""@type"":""ListItem"",""position"":3,""name"":""Adjusted EBITDA"",""item"":""https://agencies.co/glossary/adjusted-ebitda/""}]}]}"
"What Is Enterprise Value? | Agency M&A Definition","enterprise-value","<h1>What Is Enterprise Value? (Agency M&amp;A Definition)</h1>

<p>Enterprise value (EV) represents the total value of an agency as a business, including both equity and debt. It is calculated as the purchase price of all ownership interests plus outstanding debt, minus cash and cash equivalents on the balance sheet. In agency M&A, enterprise value is the headline figure that frames the entire negotiation.</p>

<h2>Enterprise Value in Agency M&amp;A</h2>

<p>When a buyer says they will pay ""6x EBITDA"" for a marketing agency, they are typically quoting enterprise value — not the cash the seller walks away with. The distinction matters because enterprise value includes the agency's debt obligations, which the buyer usually assumes or requires to be paid off at closing. For a digital marketing agency with minimal physical assets, enterprise value is driven almost entirely by intangible factors: client relationships, brand reputation, team capabilities, and the predictability of future cash flows. Buyers evaluating a creative agency typically arrive at enterprise value by applying a multiple to adjusted EBITDA or SDE, then adjusting for working capital, debt, and cash. Understanding the bridge from enterprise value to equity value (what the seller actually receives) is critical. An agency with $4M enterprise value but $400K in outstanding debt and a $200K working capital shortfall delivers only $3.4M to the seller. Founders who focus solely on the headline multiple without understanding these adjustments often face unpleasant surprises at the closing table.</p>

<h2>How Enterprise Value Affects Agency Valuation</h2>

<p>Enterprise value establishes the framework for every other financial term in the deal. The multiple applied to earnings — whether 4x, 6x, or 8x EBITDA — produces the enterprise value, but the seller's net proceeds depend on the balance sheet adjustments that follow. Agencies carrying significant debt (SBA loans, lines of credit, equipment financing) see their seller proceeds reduced dollar-for-dollar. Conversely, agencies with excess cash on the balance sheet receive additional value. Working capital targets also affect the final number: if the agency's net working capital at closing is below the agreed target, the purchase price is reduced accordingly. Sellers should clean up the balance sheet 6-12 months before a sale to maximize the conversion from enterprise value to cash in pocket.</p>

<h2>Example</h2>

<p>A paid media agency has adjusted EBITDA of $600K. A buyer agrees to a 6x multiple, setting enterprise value at $3.6M. At closing, the balance sheet shows $150K in outstanding debt (a line of credit) and $80K in excess cash. The working capital target is $200K but actual working capital is $160K, creating a $40K shortfall. The seller's equity value is calculated as: $3.6M (EV) - $150K (debt) + $80K (cash) - $40K (working capital adjustment) = $3.49M. The $110K gap between enterprise value and equity value underscores why sellers must understand balance sheet mechanics, not just the headline multiple.</p>

<h2>Related Terms</h2>

<ul>
<li><a href=""/glossary/ebitda/"">EBITDA</a></li>
<li><a href=""/glossary/valuation-multiple/"">Valuation Multiple</a></li>
<li><a href=""/glossary/goodwill/"">Goodwill</a></li>
<li><a href=""/glossary/adjusted-ebitda/"">Adjusted EBITDA</a></li>
</ul>

<h2>Further Reading</h2>

<ul>
<li><a href=""/agency-valuation/"">Agency Valuation Guide</a></li>
<li><a href=""/agency-valuation-multiples/"">Agency Valuation Multiples</a></li>
<li><a href=""/sell-your-agency/"">Sell Your Agency</a></li>
</ul>

<p><strong>Ready to find out what your agency is worth?</strong></p>

<p><a href=""/agency-valuation/"">Get Your Agency Valued</a> | <a href=""/contact-us/"">Schedule a Call</a></p>","Enterprise Value in Agency M&A | Agencies.co","Understand enterprise value and how it differs from what agency sellers actually receive. Learn the EV-to-equity bridge at Agencies.co.","enterprise value agency","ebitda,valuation-multiple,goodwill,adjusted-ebitda","{""@context"":""https://schema.org"",""@graph"":[{""@type"":""DefinedTerm"",""name"":""Enterprise Value"",""description"":""Enterprise value (EV) represents the total value of an agency as a business, including both equity and debt. It is calculated as the purchase price of all ownership interests plus outstanding debt, minus cash and cash equivalents on the balance sheet. In agency M&A, enterprise value is the headline figure that frames the entire negotiation."",""url"":""https://agencies.co/glossary/enterprise-value/"",""inDefinedTermSet"":{""@type"":""DefinedTermSet"",""name"":""Agency M&A Glossary"",""url"":""https://agencies.co/glossary/""}},{""@type"":""BreadcrumbList"",""itemListElement"":[{""@type"":""ListItem"",""position"":1,""name"":""Home"",""item"":""https://agencies.co/""},{""@type"":""ListItem"",""position"":2,""name"":""Glossary"",""item"":""https://agencies.co/glossary/""},{""@type"":""ListItem"",""position"":3,""name"":""Enterprise Value"",""item"":""https://agencies.co/glossary/enterprise-value/""}]}]}"
"What Is Seller Financing? | Agency M&A Definition","seller-financing","<h1>What Is Seller Financing? (Agency M&amp;A Definition)</h1>

<p>Seller financing is a deal structure where the agency's seller acts as a lender, allowing the buyer to pay a portion of the purchase price over time through scheduled installments after closing. It is one of the most common deal structures in agency M&A, appearing in roughly 60-70% of transactions for agencies under $5M in revenue.</p>

<h2>Seller Financing in Agency M&amp;A</h2>

<p>Most marketing agency acquisitions involve some form of seller financing because buyers — whether individual operators or small private equity groups — rarely have enough cash to fund 100% of the purchase price upfront. When selling a digital marketing agency for $2M, a typical structure might involve 60-70% cash at closing with the remaining 30-40% financed by the seller over 2-4 years. For sellers, offering financing expands the pool of qualified buyers and often results in a higher total purchase price because the buyer accepts less risk at closing. The terms typically include a fixed interest rate (6-10%), monthly or quarterly payments, and a promissory note secured by the agency's assets. Sellers should negotiate personal guarantees from the buyer and include acceleration clauses that trigger full repayment if the buyer defaults or sells the agency. The key risk for sellers is that a buyer who mismanages the agency may be unable to make payments, leaving the seller to choose between forgiving the debt or pursuing costly litigation to recover their business.</p>

<h2>How Seller Financing Affects Agency Valuation</h2>

<p>Seller financing can increase the total deal value by 10-20% compared to an all-cash offer because buyers are willing to pay a premium for favorable payment terms. A buyer who offers $2.4M with 40% seller-financed often beats a $2.1M all-cash offer in the seller's eyes — even accounting for time value of money and default risk. However, the present value of a seller-financed deal depends on the interest rate, payment schedule, and the buyer's creditworthiness. Sellers should model scenarios where the buyer defaults after 12 or 24 months to understand their downside. In the UK market, seller financing (often called ""deferred consideration"") follows similar structures but may involve different security mechanisms under English law.</p>

<h2>Example</h2>

<p>An email marketing agency sells for $1.8M total. The deal is structured as $1.08M (60%) cash at closing, with $720K (40%) seller-financed over 36 months at 8% annual interest. Monthly payments to the seller are $22,560. Over the three-year term, the seller collects $812,160 on the financed portion — $92,160 in interest above the $720K principal. The buyer's effective total cost is $1.892M. If the buyer defaults after 18 months (having paid $405,937), the seller can enforce the promissory note and security agreement to recover the remaining balance or reclaim agency assets.</p>

<h2>Related Terms</h2>

<ul>
<li><a href=""/glossary/earnout/"">Earnout</a></li>
<li><a href=""/glossary/holdback/"">Holdback</a></li>
<li><a href=""/glossary/purchase-agreement/"">Purchase Agreement</a></li>
<li><a href=""/glossary/closing-conditions/"">Closing Conditions</a></li>
</ul>

<h2>Further Reading</h2>

<ul>
<li><a href=""/sell-your-agency/"">Sell Your Agency</a></li>
<li><a href=""/agency-valuation/"">Agency Valuation Guide</a></li>
<li><a href=""/ma-blog/"">Agency M&A Blog</a></li>
</ul>

<p><strong>Ready to find out what your agency is worth?</strong></p>

<p><a href=""/agency-valuation/"">Get Your Agency Valued</a> | <a href=""/contact-us/"">Schedule a Call</a></p>","Seller Financing in Agency M&A | Agencies.co","Learn how seller financing works in marketing agency deals, typical terms, and how it affects your sale price. Explore options at Agencies.co.","seller financing agency","earnout,holdback,purchase-agreement,closing-conditions","{""@context"":""https://schema.org"",""@graph"":[{""@type"":""DefinedTerm"",""name"":""Seller Financing"",""description"":""Seller financing is a deal structure where the agency's seller acts as a lender, allowing the buyer to pay a portion of the purchase price over time through scheduled installments after closing. It is one of the most common deal structures in agency M&A, appearing in roughly 60-70% of transactions for agencies under $5M in revenue."",""url"":""https://agencies.co/glossary/seller-financing/"",""inDefinedTermSet"":{""@type"":""DefinedTermSet"",""name"":""Agency M&A Glossary"",""url"":""https://agencies.co/glossary/""}},{""@type"":""BreadcrumbList"",""itemListElement"":[{""@type"":""ListItem"",""position"":1,""name"":""Home"",""item"":""https://agencies.co/""},{""@type"":""ListItem"",""position"":2,""name"":""Glossary"",""item"":""https://agencies.co/glossary/""},{""@type"":""ListItem"",""position"":3,""name"":""Seller Financing"",""item"":""https://agencies.co/glossary/seller-financing/""}]}]}"
"What Is Management Buyout? | Agency M&A Definition","management-buyout","<h1>What Is Management Buyout? (Agency M&amp;A Definition)</h1>

<p>A management buyout (MBO) occurs when an agency's existing leadership team — typically senior partners, directors, or long-tenured managers — purchases the business from the current owner. It is a natural succession path for agency founders who have built a capable leadership team and want to exit while preserving the agency's culture and client relationships.</p>

<h2>Management Buyout in Agency M&amp;A</h2>

<p>For many marketing agency founders, an MBO is the preferred exit because it rewards loyal employees, maintains continuity for clients, and preserves the agency's identity. When a creative agency founder decides to retire, selling to the management team avoids the disruption of an outside acquisition, where new ownership might restructure teams, rebrand, or shift strategic direction. The challenge is financing: most agency managers lack the personal capital to fund a buyout. Typical MBO structures combine multiple funding sources — a small down payment from the management team (5-15%), seller financing from the departing owner (30-50%), and sometimes an SBA loan or private lender for the remainder. The transition period is usually 12-24 months, during which the founder gradually reduces involvement while the management team assumes full operational control. Successful MBOs require a management team that already runs day-to-day operations, maintains key client relationships, and can sustain the agency's financial performance without the founder's direct involvement.</p>

<h2>How Management Buyout Affects Agency Valuation</h2>

<p>MBOs typically close at a modest discount to market value — usually 10-20% below what an outside strategic buyer might pay — because the management team has limited capital and the seller benefits from deal certainty, speed, and preservation of their legacy. However, the total economic outcome for the seller can be competitive when factoring in lower transaction costs (no broker fees, which typically run 8-12% of deal value), reduced due diligence complexity, and faster closing timelines. Sellers in MBOs often carry 40-60% of the purchase price as seller financing, making them deeply invested in the management team's post-close success. The valuation in an MBO is frequently benchmarked at 4-6x EBITDA for agencies under $3M in revenue.</p>

<h2>Example</h2>

<p>The founder of a $2.2M-revenue social media agency with $440K adjusted EBITDA wants to retire. Two senior directors propose an MBO at 5x EBITDA ($2.2M). They structure the deal as: $110K personal funds from each director ($220K total, or 10%), $880K in seller financing over 5 years at 7% interest, and a $1.1M SBA loan. The founder transitions over 18 months as a part-time consultant at $8,000/month. Total cost to the founder in broker fees saved: approximately $200K (compared to a third-party sale). The founder receives $220K at closing, predictable monthly payments from both the SBA loan and seller note, and confidence that clients and staff are in familiar hands.</p>

<h2>Related Terms</h2>

<ul>
<li><a href=""/glossary/seller-financing/"">Seller Financing</a></li>
<li><a href=""/glossary/change-of-control/"">Change of Control</a></li>
<li><a href=""/glossary/letter-of-intent/"">Letter of Intent</a></li>
<li><a href=""/glossary/purchase-agreement/"">Purchase Agreement</a></li>
</ul>

<h2>Further Reading</h2>

<ul>
<li><a href=""/sell-your-agency/"">Sell Your Agency</a></li>
<li><a href=""/agency-valuation/"">Agency Valuation Guide</a></li>
<li><a href=""/ma-blog/"">Agency M&A Blog</a></li>
</ul>

<p><strong>Ready to find out what your agency is worth?</strong></p>

<p><a href=""/agency-valuation/"">Get Your Agency Valued</a> | <a href=""/contact-us/"">Schedule a Call</a></p>","Management Buyout in Agency M&A | Agencies.co","Explore how management buyouts work for marketing agencies, including financing structures and valuation considerations. Learn more at Agencies.co.","agency management buyout","seller-financing,change-of-control,letter-of-intent,purchase-agreement","{""@context"":""https://schema.org"",""@graph"":[{""@type"":""DefinedTerm"",""name"":""Management Buyout"",""description"":""A management buyout (MBO) occurs when an agency's existing leadership team \u2014 typically senior partners, directors, or long-tenured managers \u2014 purchases the business from the current owner. It is a natural succession path for agency founders who have built a capable leadership team and want to exit while preserving the agency's culture and client relationships."",""url"":""https://agencies.co/glossary/management-buyout/"",""inDefinedTermSet"":{""@type"":""DefinedTermSet"",""name"":""Agency M&A Glossary"",""url"":""https://agencies.co/glossary/""}},{""@type"":""BreadcrumbList"",""itemListElement"":[{""@type"":""ListItem"",""position"":1,""name"":""Home"",""item"":""https://agencies.co/""},{""@type"":""ListItem"",""position"":2,""name"":""Glossary"",""item"":""https://agencies.co/glossary/""},{""@type"":""ListItem"",""position"":3,""name"":""Management Buyout"",""item"":""https://agencies.co/glossary/management-buyout/""}]}]}"
"What Is Roll-Up Strategy? | Agency M&A Definition","roll-up-strategy","<h1>What Is Roll-Up Strategy? (Agency M&amp;A Definition)</h1>

<p>A roll-up strategy involves acquiring multiple smaller agencies and combining them into a single, larger organization to achieve economies of scale, expanded service offerings, and a higher valuation multiple. It is a common growth strategy among private equity-backed agency holding companies and ambitious independent agency founders looking to build scale rapidly.</p>

<h2>Roll-Up Strategy in Agency M&amp;A</h2>

<p>The marketing agency industry is highly fragmented — thousands of small shops generating $500K-$3M in revenue — which makes it ideal for roll-up strategies. A buyer might acquire four or five specialized agencies (one in SEO, one in paid media, one in creative, one in web development) and merge them into a full-service agency that commands premium pricing and larger client contracts. The financial logic is compelling: individual agencies might sell at 4-5x EBITDA, but the combined entity, with diversified services and reduced client concentration, could be valued at 7-8x. This ""multiple arbitrage"" is the primary economic engine behind most agency roll-ups. Execution is where roll-ups succeed or fail. Integrating different agency cultures, tech stacks, billing systems, and management styles is notoriously difficult. The most successful roll-ups maintain brand autonomy for each acquired agency during the first 12-18 months while gradually consolidating back-office operations. Buyers pursuing roll-ups should establish a standardized integration playbook before making their second acquisition.</p>

<h2>How Roll-Up Strategy Affects Agency Valuation</h2>

<p>Roll-up strategies create value through multiple arbitrage — buying small agencies at lower multiples and selling the combined entity at a higher one. A roll-up that acquires five agencies at an average of 4.5x EBITDA and builds a combined entity valued at 7x creates significant equity value purely through aggregation. For individual agency sellers, being part of a roll-up can be positive or negative. On the upside, roll-up buyers often move quickly and have established deal processes. On the downside, they may offer lower multiples for individual acquisitions because their profit comes from the spread. Sellers evaluating roll-up offers should assess whether earnout provisions are tied to standalone or combined entity performance, as this distinction significantly affects payout probability.</p>

<h2>Example</h2>

<p>A PE-backed holding company executes a roll-up, acquiring four marketing agencies over 18 months: a paid media agency ($1.2M revenue, $240K EBITDA, purchased at 4.5x for $1.08M), an SEO agency ($900K revenue, $180K EBITDA, at 4x for $720K), a creative agency ($1.5M revenue, $330K EBITDA, at 5x for $1.65M), and a web development shop ($800K revenue, $200K EBITDA, at 4x for $800K). Total acquisition cost: $4.25M for combined EBITDA of $950K. After integration, the combined entity generates $4.4M revenue with $1.05M EBITDA (synergies add $100K). Valued at 7x as a diversified full-service agency, the enterprise value is $7.35M — creating $3.1M in equity value above acquisition cost.</p>

<h2>Related Terms</h2>

<ul>
<li><a href=""/glossary/synergies/"">Synergies</a></li>
<li><a href=""/glossary/valuation-multiple/"">Valuation Multiple</a></li>
<li><a href=""/glossary/enterprise-value/"">Enterprise Value</a></li>
<li><a href=""/glossary/management-buyout/"">Management Buyout</a></li>
</ul>

<h2>Further Reading</h2>

<ul>
<li><a href=""/agency-valuation-multiples/"">Agency Valuation Multiples</a></li>
<li><a href=""/agency-valuation/"">Agency Valuation Guide</a></li>
<li><a href=""/ma-blog/"">Agency M&A Blog</a></li>
</ul>

<p><strong>Ready to find out what your agency is worth?</strong></p>

<p><a href=""/agency-valuation/"">Get Your Agency Valued</a> | <a href=""/contact-us/"">Schedule a Call</a></p>","Roll-Up Strategy in Agency M&A | Agencies.co","Learn how roll-up strategies create value in marketing agency M&A through multiple arbitrage and consolidation. Explore the model at Agencies.co.","agency roll-up strategy","synergies,valuation-multiple,enterprise-value,management-buyout","{""@context"":""https://schema.org"",""@graph"":[{""@type"":""DefinedTerm"",""name"":""Roll-Up Strategy"",""description"":""A roll-up strategy involves acquiring multiple smaller agencies and combining them into a single, larger organization to achieve economies of scale, expanded service offerings, and a higher valuation multiple. It is a common growth strategy among private equity-backed agency holding companies and ambitious independent agency founders looking to build scale rapidly."",""url"":""https://agencies.co/glossary/roll-up-strategy/"",""inDefinedTermSet"":{""@type"":""DefinedTermSet"",""name"":""Agency M&A Glossary"",""url"":""https://agencies.co/glossary/""}},{""@type"":""BreadcrumbList"",""itemListElement"":[{""@type"":""ListItem"",""position"":1,""name"":""Home"",""item"":""https://agencies.co/""},{""@type"":""ListItem"",""position"":2,""name"":""Glossary"",""item"":""https://agencies.co/glossary/""},{""@type"":""ListItem"",""position"":3,""name"":""Roll-Up Strategy"",""item"":""https://agencies.co/glossary/roll-up-strategy/""}]}]}"
"What Are Synergies? | Agency M&A Definition","synergies","<h1>What Are Synergies? (Agency M&amp;A Definition)</h1>

<p>Synergies are the financial and operational benefits that result from combining two or more agencies, where the merged entity produces greater value than the agencies would independently. In agency M&A, synergies typically take the form of cost savings from eliminating duplicate functions, revenue gains from cross-selling services, or strategic advantages like expanded geographic reach.</p>

<h2>Synergies in Agency M&amp;A</h2>

<p>When a digital marketing agency acquires a complementary shop, synergies are the economic justification for paying a premium above standalone value. Cost synergies are the easiest to quantify and realize: combining two agencies eliminates redundant roles in finance, HR, project management, and office administration. A buyer acquiring a $1.5M agency may identify $80K-$120K in annual cost savings by consolidating accounting software, shared office space, and redundant management positions. Revenue synergies are harder to capture but potentially more valuable. When a paid media agency acquires an SEO shop, it can cross-sell services to both client bases — the SEO agency's clients become paid media prospects and vice versa. Buyers evaluating a creative agency for acquisition should build a detailed synergy model with conservative timelines. Most cost synergies take 6-12 months to realize, while revenue synergies typically require 12-24 months. Overprojecting synergies is a classic mistake that leads to overpaying for acquisitions.</p>

<h2>How Synergies Affect Agency Valuation</h2>

<p>Synergies directly influence how much a strategic buyer is willing to pay above the agency's standalone value. If a buyer identifies $150K in annual synergies from an acquisition, they might justify paying $450K-$600K more than a financial buyer would (applying a 3-4x multiple to the synergy value). However, sophisticated sellers know this too and will argue for a share of projected synergies in the purchase price. The negotiation typically lands somewhere in between: the buyer captures 60-70% of the synergy value and the seller benefits from 30-40% reflected in the premium. Buyers should stress-test synergy projections by assuming only 50-70% realization in their financial models, building in a margin of safety against integration challenges.</p>

<h2>Example</h2>

<p>A full-service agency with $3.5M revenue acquires a specialized analytics consultancy with $800K revenue for $1.6M (5x EBITDA of $320K). The buyer projects three types of synergies: cost synergies of $95K/year (eliminating one redundant office manager at $55K and consolidating software subscriptions for $40K), revenue synergies of $180K/year (cross-selling analytics services to 12 existing clients at an average of $15K each), and margin improvement of $45K/year (negotiating better contractor rates with combined volume). Total projected annual synergies: $320K. At a 70% realization rate, the buyer expects $224K in actual annual benefit — meaning the synergies alone effectively pay back the acquisition cost within approximately 7 years, with the acquired agency's existing profits providing additional return.</p>

<h2>Related Terms</h2>

<ul>
<li><a href=""/glossary/roll-up-strategy/"">Roll-Up Strategy</a></li>
<li><a href=""/glossary/enterprise-value/"">Enterprise Value</a></li>
<li><a href=""/glossary/valuation-multiple/"">Valuation Multiple</a></li>
<li><a href=""/glossary/due-diligence/"">Due Diligence</a></li>
</ul>

<h2>Further Reading</h2>

<ul>
<li><a href=""/agency-valuation/"">Agency Valuation Guide</a></li>
<li><a href=""/agency-valuation-multiples/"">Agency Valuation Multiples</a></li>
<li><a href=""/ma-blog/"">Agency M&A Blog</a></li>
</ul>

<p><strong>Ready to find out what your agency is worth?</strong></p>

<p><a href=""/agency-valuation/"">Get Your Agency Valued</a> | <a href=""/contact-us/"">Schedule a Call</a></p>","Synergies in Agency M&A | Agencies.co","Understand how synergies drive value in marketing agency acquisitions, from cost savings to revenue cross-selling. Learn the math at Agencies.co.","agency acquisition synergies","roll-up-strategy,enterprise-value,valuation-multiple,due-diligence","{""@context"":""https://schema.org"",""@graph"":[{""@type"":""DefinedTerm"",""name"":""Synergies"",""description"":""Synergies are the financial and operational benefits that result from combining two or more agencies, where the merged entity produces greater value than the agencies would independently. In agency M&A, synergies typically take the form of cost savings from eliminating duplicate functions, revenue gains from cross-selling services, or strategic advantages like expanded geographic reach."",""url"":""https://agencies.co/glossary/synergies/"",""inDefinedTermSet"":{""@type"":""DefinedTermSet"",""name"":""Agency M&A Glossary"",""url"":""https://agencies.co/glossary/""}},{""@type"":""BreadcrumbList"",""itemListElement"":[{""@type"":""ListItem"",""position"":1,""name"":""Home"",""item"":""https://agencies.co/""},{""@type"":""ListItem"",""position"":2,""name"":""Glossary"",""item"":""https://agencies.co/glossary/""},{""@type"":""ListItem"",""position"":3,""name"":""Synergies"",""item"":""https://agencies.co/glossary/synergies/""}]}]}"
"What Is Purchase Agreement? | Agency M&A Definition","purchase-agreement","<h1>What Is Purchase Agreement? (Agency M&amp;A Definition)</h1>

<p>A purchase agreement is the legally binding contract that finalizes the sale of a business, spelling out exactly what is being bought, the price, how it will be paid, and the obligations of both buyer and seller. In agency M&A, this document governs everything from which client contracts transfer to how outstanding invoices are handled. It is the single most important document in any agency transaction.</p>

<h2>Purchase Agreement in Agency M&amp;A</h2>

<p>When selling a marketing agency, the purchase agreement is where months of negotiation become legally enforceable commitments. Unlike transactions involving physical assets, agency deals hinge on intangible value — client relationships, team talent, brand reputation, and proprietary processes. The purchase agreement must address each of these carefully. For example, it will specify whether client contracts are formally assigned or whether the buyer assumes them through a novation process, which can require individual client consent. The agreement also defines the treatment of work-in-progress: if your agency has $150,000 in unbilled project work at closing, who collects that revenue? Seller-friendly agreements allow the seller to retain WIP collections, while buyers often push to include them in the transferred assets. Employment terms for key staff are frequently appended as schedules to the purchase agreement, ensuring creative directors or account leads remain post-close. Agencies with retainer-based revenue models tend to see cleaner purchase agreements because recurring revenue is easier to define and transfer than project-based billings.</p>

<h2>How Purchase Agreement Affects Agency Valuation</h2>

<p>The purchase agreement directly shapes how much a seller actually receives versus the headline price. Deal structure provisions — such as the split between cash at closing, seller notes, and earnout components — live in this document. A $3 million deal might deliver only $2 million at closing, with $500,000 in a seller note paid over two years and $500,000 tied to an earnout. Working capital adjustments written into the agreement can swing the final price by 5-10% in either direction. Indemnification caps, typically set at 10-20% of the purchase price for agency deals, limit the seller's post-closing financial exposure. Sellers who negotiate favorable purchase agreement terms — shorter indemnification periods, higher basket thresholds, and tighter earnout definitions — consistently retain more of the deal's total value.</p>

<h2>Example</h2>

<p>A digital marketing agency with $2.8 million in revenue and $560,000 in adjusted EBITDA agrees to a sale at 5.5x EBITDA, or $3.08 million. The purchase agreement structures the deal as $2.15 million cash at closing (70%), a $308,000 seller note at 5% interest paid over 24 months, a $462,000 earnout tied to 90% client retention over 12 months, and $154,000 held in escrow for 18 months to cover potential indemnification claims. The agreement also includes a working capital peg of $185,000, meaning the seller must deliver at least that amount in net current assets at closing or face a dollar-for-dollar price reduction.</p>

<h2>Related Terms</h2>

<ul>
<li><a href=""/glossary/representations-and-warranties/"">Representations and Warranties</a></li>
<li><a href=""/glossary/indemnification/"">Indemnification</a></li>
<li><a href=""/glossary/closing-conditions/"">Closing Conditions</a></li>
<li><a href=""/glossary/escrow/"">Escrow</a></li>
<li><a href=""/glossary/earnout/"">Earnout</a></li>
</ul>

<h2>Further Reading</h2>

<ul>
<li><a href=""/sell-your-agency/"">Sell Your Agency</a></li>
<li><a href=""/agency-valuation/"">Agency Valuation Guide</a></li>
<li><a href=""/ma-blog/"">Agency M&A Blog</a></li>
</ul>

<p><strong>Ready to find out what your agency is worth?</strong></p>

<p><a href=""/agency-valuation/"">Get Your Agency Valued</a> | <a href=""/contact-us/"">Schedule a Call</a></p>","Purchase Agreement in Agency M&A | Agencies.co","Learn how purchase agreements work in marketing agency M&A, from deal structure to closing mechanics. Protect your sale price. Start at Agencies.co.","agency purchase agreement","representations-and-warranties,indemnification,closing-conditions,escrow,earnout","{""@context"":""https://schema.org"",""@graph"":[{""@type"":""DefinedTerm"",""name"":""Purchase Agreement"",""description"":""A purchase agreement is the legally binding contract that finalizes the sale of a business, spelling out exactly what is being bought, the price, how it will be paid, and the obligations of both buyer and seller. In agency M&A, this document governs everything from which client contracts transfer to how outstanding invoices are handled. It is the single most important document in any agency transaction."",""url"":""https://agencies.co/glossary/purchase-agreement/"",""inDefinedTermSet"":{""@type"":""DefinedTermSet"",""name"":""Agency M&A Glossary"",""url"":""https://agencies.co/glossary/""}},{""@type"":""BreadcrumbList"",""itemListElement"":[{""@type"":""ListItem"",""position"":1,""name"":""Home"",""item"":""https://agencies.co/""},{""@type"":""ListItem"",""position"":2,""name"":""Glossary"",""item"":""https://agencies.co/glossary/""},{""@type"":""ListItem"",""position"":3,""name"":""Purchase Agreement"",""item"":""https://agencies.co/glossary/purchase-agreement/""}]}]}"
"What Is Escrow? | Agency M&A Definition","escrow","<h1>What Is Escrow? (Agency M&amp;A Definition)</h1>

<p>Escrow is a financial arrangement where a portion of the purchase price is held by a neutral third party and released only when specific conditions are met or a defined period expires. In agency M&A, escrow protects the buyer against post-closing surprises such as undisclosed liabilities or breaches of the seller's representations. It functions as a built-in insurance policy that keeps both sides honest after the deal closes.</p>

<h2>Escrow in Agency M&amp;A</h2>

<p>Buyers evaluating a creative or digital agency typically insist on escrow because agency value is heavily relationship-driven and difficult to verify completely before closing. A buyer might discover after the sale that a key client was already planning to leave, that reported revenue included inflated retainer values, or that a freelancer was misclassified as an employee — creating tax liability. The escrow account provides a pool of funds to cover these scenarios without requiring the seller to write a personal check months after walking away from the business. In agency transactions, escrow amounts generally range from 10-20% of the total purchase price and are held for 12-24 months. The escrow agent — usually a bank or law firm's trust department — follows release instructions outlined in the purchase agreement. For smaller agency deals under $2 million, some buyers accept a holdback arrangement instead of formal escrow, where the buyer simply retains a portion of the price rather than involving a third-party custodian. The costs of establishing and maintaining the escrow account, typically $2,000-$5,000 annually, are usually split between buyer and seller.</p>

<h2>How Escrow Affects Agency Valuation</h2>

<p>Escrow does not change the total purchase price, but it meaningfully affects the seller's cash flow and risk profile. A seller receiving $2.5 million with 15% in escrow gets only $2.125 million at closing and must wait 12-18 months for the remaining $375,000 — assuming no claims are made. From a time-value-of-money perspective, that deferred payment is worth less than cash at closing. Sellers can negotiate to reduce escrow impact by pushing for shorter hold periods, lower escrow percentages, or scheduled partial releases where half the escrow is freed at six months if no claims exist. In competitive bidding situations with multiple buyers, a lower escrow requirement can make a nominally lower offer more attractive to the seller in real terms.</p>

<h2>Example</h2>

<p>An SEO and content marketing agency sells for $1.8 million. The buyer requires a 15% escrow, so $270,000 is deposited with a third-party escrow agent at closing, while the seller receives $1.53 million. The escrow agreement specifies an 18-month hold period. At month 8, the buyer discovers that the agency underreported $40,000 in outstanding freelancer payments. The buyer files a claim against the escrow, and after a 30-day resolution window, $40,000 is released to the buyer. At month 18, the remaining $230,000 is released to the seller. Had the seller negotiated a 10% escrow instead, only $180,000 would have been at risk, and they would have received $1.62 million at closing — $90,000 more in immediate liquidity.</p>

<h2>Related Terms</h2>

<ul>
<li><a href=""/glossary/holdback/"">Holdback</a></li>
<li><a href=""/glossary/indemnification/"">Indemnification</a></li>
<li><a href=""/glossary/closing-conditions/"">Closing Conditions</a></li>
<li><a href=""/glossary/purchase-agreement/"">Purchase Agreement</a></li>
</ul>

<h2>Further Reading</h2>

<ul>
<li><a href=""/sell-your-agency/"">Sell Your Agency</a></li>
<li><a href=""/agency-valuation/"">Agency Valuation Guide</a></li>
<li><a href=""/ma-blog/"">Agency M&A Blog</a></li>
</ul>

<p><strong>Ready to find out what your agency is worth?</strong></p>

<p><a href=""/agency-valuation/"">Get Your Agency Valued</a> | <a href=""/contact-us/"">Schedule a Call</a></p>","Escrow in Agency M&A - Guide | Agencies.co","Understand how escrow works in marketing agency acquisitions, typical hold amounts, and how to negotiate better terms. Explore more at Agencies.co.","agency escrow M&A","holdback,indemnification,closing-conditions,purchase-agreement","{""@context"":""https://schema.org"",""@graph"":[{""@type"":""DefinedTerm"",""name"":""Escrow"",""description"":""Escrow is a financial arrangement where a portion of the purchase price is held by a neutral third party and released only when specific conditions are met or a defined period expires. In agency M&A, escrow protects the buyer against post-closing surprises such as undisclosed liabilities or breaches of the seller's representations. It functions as a built-in insurance policy that keeps both sides honest after the deal closes."",""url"":""https://agencies.co/glossary/escrow/"",""inDefinedTermSet"":{""@type"":""DefinedTermSet"",""name"":""Agency M&A Glossary"",""url"":""https://agencies.co/glossary/""}},{""@type"":""BreadcrumbList"",""itemListElement"":[{""@type"":""ListItem"",""position"":1,""name"":""Home"",""item"":""https://agencies.co/""},{""@type"":""ListItem"",""position"":2,""name"":""Glossary"",""item"":""https://agencies.co/glossary/""},{""@type"":""ListItem"",""position"":3,""name"":""Escrow"",""item"":""https://agencies.co/glossary/escrow/""}]}]}"
"What Are Closing Conditions? | Agency M&A Definition","closing-conditions","<h1>What Are Closing Conditions? (Agency M&amp;A Definition)</h1>

<p>Closing conditions are the specific requirements that must be satisfied before a business sale can be finalized. These are the contractual hurdles both buyer and seller must clear between signing the purchase agreement and actually transferring ownership and funds. If a closing condition is not met, the other party typically has the right to walk away from the deal without penalty.</p>

<h2>Closing Conditions in Agency M&amp;A</h2>

<p>In marketing agency transactions, closing conditions address the unique risks of buying a people-and-relationships business. A common condition requires that key employees — say, the head of client services and the lead strategist — sign employment agreements with the buyer before closing. Without this, the buyer risks paying millions for an agency whose core talent walks out the door on day one. Another standard condition is that no material client has given notice of termination between signing and closing. If your agency has a $400,000-per-year anchor client and they cancel during the 30-60 day gap between signing and closing, the buyer will invoke this condition to renegotiate or exit the deal. Landlord consent is another frequent condition, particularly for agencies with favorable lease terms in desirable locations. Regulatory approvals are rarely an issue for agency deals unless the transaction crosses international borders or involves government contracts. The period between signing and closing — typically 30-90 days for agency deals — is when both sides race to satisfy these conditions while maintaining business-as-usual operations.</p>

<h2>How Closing Conditions Affect Agency Valuation</h2>

<p>Closing conditions influence deal certainty, which in turn affects how sellers and their advisors evaluate competing offers. An offer at 6x EBITDA with minimal closing conditions may be more valuable than a 7x offer loaded with conditions that could collapse the deal. Each unfulfilled condition represents a potential off-ramp for the buyer. Sophisticated agency sellers negotiate to limit closing conditions to only those that are truly material and within their control. They also push for ""hell or high water"" provisions on buyer-side conditions, requiring the buyer to take all reasonable steps to satisfy regulatory or financing requirements. A deal with five closing conditions has roughly a 15-20% higher failure rate than one with two conditions, based on middle-market transaction data. Sellers should also negotiate a ""drop-dead date"" — a deadline by which all conditions must be met or the deal terminates — to prevent indefinite limbo.</p>

<h2>Example</h2>

<p>A performance marketing agency agrees to sell for $4.2 million. The purchase agreement includes four closing conditions: (1) the three senior media buyers must sign two-year employment agreements with the buyer, (2) clients representing at least 80% of trailing-twelve-month revenue must still be under active contract at closing, (3) the agency's office lease must be assignable or a new lease negotiated, and (4) the buyer must secure financing. During the 45-day closing period, one media buyer declines to sign. The buyer invokes the condition and renegotiates the price down by $200,000 to account for the retention risk. The remaining conditions are met, and the deal closes at $4 million with a revised earnout to bridge the gap.</p>

<h2>Related Terms</h2>

<ul>
<li><a href=""/glossary/purchase-agreement/"">Purchase Agreement</a></li>
<li><a href=""/glossary/due-diligence/"">Due Diligence</a></li>
<li><a href=""/glossary/escrow/"">Escrow</a></li>
<li><a href=""/glossary/representations-and-warranties/"">Representations and Warranties</a></li>
</ul>

<h2>Further Reading</h2>

<ul>
<li><a href=""/sell-your-agency/"">Sell Your Agency</a></li>
<li><a href=""/ma-blog/"">Agency M&A Blog</a></li>
<li><a href=""/agency-valuation/"">Agency Valuation Guide</a></li>
</ul>

<p><strong>Ready to find out what your agency is worth?</strong></p>

<p><a href=""/agency-valuation/"">Get Your Agency Valued</a> | <a href=""/contact-us/"">Schedule a Call</a></p>","Closing Conditions in Agency M&A | Agencies.co","Learn what closing conditions mean for marketing agency deals, from key employee retention to client contracts. Navigate your sale at Agencies.co.","agency closing conditions","purchase-agreement,due-diligence,escrow,representations-and-warranties","{""@context"":""https://schema.org"",""@graph"":[{""@type"":""DefinedTerm"",""name"":""Closing Conditions"",""description"":""Closing conditions are the specific requirements that must be satisfied before a business sale can be finalized. These are the contractual hurdles both buyer and seller must clear between signing the purchase agreement and actually transferring ownership and funds. If a closing condition is not met, the other party typically has the right to walk away from the deal without penalty."",""url"":""https://agencies.co/glossary/closing-conditions/"",""inDefinedTermSet"":{""@type"":""DefinedTermSet"",""name"":""Agency M&A Glossary"",""url"":""https://agencies.co/glossary/""}},{""@type"":""BreadcrumbList"",""itemListElement"":[{""@type"":""ListItem"",""position"":1,""name"":""Home"",""item"":""https://agencies.co/""},{""@type"":""ListItem"",""position"":2,""name"":""Glossary"",""item"":""https://agencies.co/glossary/""},{""@type"":""ListItem"",""position"":3,""name"":""Closing Conditions"",""item"":""https://agencies.co/glossary/closing-conditions/""}]}]}"
"What Is Goodwill? | Agency M&A Definition","goodwill","<h1>What Is Goodwill? (Agency M&amp;A Definition)</h1>

<p>Goodwill is the portion of a business's purchase price that exceeds the fair market value of its identifiable tangible and intangible assets. It represents the premium a buyer pays for things that do not appear on the balance sheet — brand reputation, client relationships, assembled workforce, and institutional knowledge. In accounting terms, goodwill only appears on the books after an acquisition.</p>

<h2>Goodwill in Agency M&amp;A</h2>

<p>Marketing agencies are goodwill-heavy businesses by nature. A typical agency's tangible assets — computers, furniture, maybe a small amount of software — might be worth $50,000 to $100,000. Yet the agency itself sells for $2 million or more. The difference is almost entirely goodwill. This is because an agency's real value lies in its client roster, the expertise of its team, its reputation in the market, and its processes for winning and retaining business. Buyers evaluating a creative agency typically pay close attention to the durability of this goodwill. A strong brand that generates inbound leads, long-tenure client relationships supported by multi-year contracts, and a deep bench of talent all signal durable goodwill. Conversely, goodwill is fragile when the agency's reputation is tied to a single founder, when clients have month-to-month agreements, or when the team is thin and easily poached. For tax purposes, goodwill in an asset sale is amortizable over 15 years under IRS Section 197, giving buyers a significant tax benefit. In the UK, goodwill amortization follows different rules, but the principle of paying a premium for intangible value is the same.</p>

<h2>How Goodwill Affects Agency Valuation</h2>

<p>Goodwill drives the fundamental economics of agency M&A. Since agencies have minimal hard assets, nearly the entire purchase price above book value is allocated to goodwill. In a $3 million agency acquisition where tangible assets total $80,000 and identifiable intangibles like client contracts and trade names are valued at $400,000, roughly $2.52 million — or 84% of the price — is goodwill. This has direct tax implications: in an asset sale, the buyer can amortize that $2.52 million over 15 years, creating approximately $168,000 in annual tax deductions. This amortization benefit makes asset sales more attractive to buyers, which is why most small agency deals under $5 million are structured as asset purchases. Sellers should understand that higher goodwill allocations benefit buyers at tax time, and can use this as a negotiating lever to push for a higher headline price.</p>

<h2>Example</h2>

<p>A branding agency with $1.5 million in revenue sells for $2.4 million in an asset sale. The purchase price allocation breaks down as follows: tangible assets (equipment, furniture) at $60,000, identifiable intangible assets (client contracts valued at $280,000, trade name at $120,000, non-compete agreements at $90,000) totaling $490,000, and goodwill of $1.85 million. The buyer amortizes the $1.85 million in goodwill over 15 years, generating a $123,333 annual tax deduction. At a 25% effective tax rate, that saves the buyer roughly $30,833 per year in taxes — a meaningful benefit that informed the buyer's willingness to pay a 5.3x EBITDA multiple rather than the 4.8x they initially offered.</p>

<h2>Related Terms</h2>

<ul>
<li><a href=""/glossary/enterprise-value/"">Enterprise Value</a></li>
<li><a href=""/glossary/asset-sale-vs-stock-sale/"">Asset Sale vs Stock Sale</a></li>
<li><a href=""/glossary/valuation-multiple/"">Valuation Multiple</a></li>
<li><a href=""/glossary/adjusted-ebitda/"">Adjusted EBITDA</a></li>
</ul>

<h2>Further Reading</h2>

<ul>
<li><a href=""/agency-valuation/"">Agency Valuation Guide</a></li>
<li><a href=""/agency-valuation-multiples/"">Agency Valuation Multiples</a></li>
<li><a href=""/ma-blog/"">Agency M&A Blog</a></li>
</ul>

<p><strong>Ready to find out what your agency is worth?</strong></p>

<p><a href=""/agency-valuation/"">Get Your Agency Valued</a> | <a href=""/contact-us/"">Schedule a Call</a></p>","Goodwill in Agency M&A - Guide | Agencies.co","Discover what goodwill means when buying or selling a marketing agency, how it's calculated, and its tax implications. Learn more at Agencies.co.","agency goodwill valuation","enterprise-value,asset-sale-vs-stock-sale,valuation-multiple,adjusted-ebitda","{""@context"":""https://schema.org"",""@graph"":[{""@type"":""DefinedTerm"",""name"":""Goodwill"",""description"":""Goodwill is the portion of a business's purchase price that exceeds the fair market value of its identifiable tangible and intangible assets. It represents the premium a buyer pays for things that do not appear on the balance sheet \u2014 brand reputation, client relationships, assembled workforce, and institutional knowledge. In accounting terms, goodwill only appears on the books after an acquisition."",""url"":""https://agencies.co/glossary/goodwill/"",""inDefinedTermSet"":{""@type"":""DefinedTermSet"",""name"":""Agency M&A Glossary"",""url"":""https://agencies.co/glossary/""}},{""@type"":""BreadcrumbList"",""itemListElement"":[{""@type"":""ListItem"",""position"":1,""name"":""Home"",""item"":""https://agencies.co/""},{""@type"":""ListItem"",""position"":2,""name"":""Glossary"",""item"":""https://agencies.co/glossary/""},{""@type"":""ListItem"",""position"":3,""name"":""Goodwill"",""item"":""https://agencies.co/glossary/goodwill/""}]}]}"
"What Is Key Person Risk? | Agency M&A Definition","key-person-risk","<h1>What Is Key Person Risk? (Agency M&amp;A Definition)</h1>

<p>Key person risk is the threat that a business will lose significant value if one or a few critical individuals leave, become incapacitated, or disengage. In the context of agency M&A, it describes the danger that a founder, lead creative, or rainmaker relationship manager is so central to the agency's operations that the business cannot sustain itself without them.</p>

<h2>Key Person Risk in Agency M&amp;A</h2>

<p>Key person risk is the single most common value-destroyer in marketing agency transactions. Many agencies are built around a charismatic founder who personally manages the top clients, leads new business pitches, and sets creative direction. When that founder sells and eventually exits, clients may follow them out the door. Buyers have seen this play out repeatedly — a founder-led agency sells for a strong multiple, the founder departs after a 12-month transition, and 30-40% of revenue evaporates within the following year. To mitigate this, buyers structure deals with extended transition periods (often 18-24 months), earnouts tied to revenue retention, and non-compete agreements preventing the seller from poaching clients or staff. Smart sellers begin reducing key person risk years before a sale by delegating client relationships to senior account managers, building a leadership team that can operate independently, and ensuring the agency's brand — not the founder's personal brand — is what attracts clients. An agency where the founder touches every client is a fundamentally different asset than one where the founder has stepped into a strategic role while the team runs day-to-day operations.</p>

<h2>How Key Person Risk Affects Agency Valuation</h2>

<p>Key person risk can reduce an agency's valuation multiple by 1-2x EBITDA, representing hundreds of thousands of dollars in lost deal value. A digital agency with $600,000 in EBITDA might command 6x ($3.6 million) with a strong management team but only 4.5x ($2.7 million) if the founder is the linchpin — a $900,000 difference. Buyers quantify this risk by analyzing what percentage of revenue the key person directly manages, whether client contracts are with the agency or informally with the individual, and how the agency has performed during the founder's absences. Even when the headline multiple is maintained, key person risk shifts value from cash at closing into contingent payments like earnouts. A buyer might offer $3.6 million but structure it as $2.2 million at close and $1.4 million in earnouts, effectively making the seller prove the business can survive the transition.</p>

<h2>Example</h2>

<p>A social media marketing agency generates $3.2 million in revenue and $640,000 in adjusted EBITDA. The founder personally manages the top five clients, which account for 60% of revenue. During due diligence, the buyer identifies severe key person risk and adjusts the offer from 6x EBITDA ($3.84 million) to 5x ($3.2 million), with only $1.92 million at closing and $1.28 million tied to a two-year earnout contingent on retaining 85% of revenue. Had the founder spent two years before the sale transitioning client relationships to a director of client services, reducing their direct client involvement to 20% of revenue, the buyer would likely have maintained the 6x multiple with 75% paid at closing — worth an additional $960,000 in upfront cash to the seller.</p>

<h2>Related Terms</h2>

<ul>
<li><a href=""/glossary/client-concentration/"">Client Concentration</a></li>
<li><a href=""/glossary/non-compete-agreement/"">Non-Compete Agreement</a></li>
<li><a href=""/glossary/transition-period/"">Transition Period</a></li>
<li><a href=""/glossary/due-diligence/"">Due Diligence</a></li>
</ul>

<h2>Further Reading</h2>

<ul>
<li><a href=""/sell-your-agency/"">Sell Your Agency</a></li>
<li><a href=""/agency-valuation/"">Agency Valuation Guide</a></li>
<li><a href=""/agency-valuation-multiples/"">Agency Valuation Multiples</a></li>
</ul>

<p><strong>Ready to find out what your agency is worth?</strong></p>

<p><a href=""/agency-valuation/"">Get Your Agency Valued</a> | <a href=""/contact-us/"">Schedule a Call</a></p>","Key Person Risk in Agency M&A | Agencies.co","Key person risk can slash your agency's sale price by 1-2x EBITDA. Learn how to reduce founder dependency before selling. Start at Agencies.co.","key person risk agency","client-concentration,non-compete-agreement,transition-period,due-diligence","{""@context"":""https://schema.org"",""@graph"":[{""@type"":""DefinedTerm"",""name"":""Key Person Risk"",""description"":""Key person risk is the threat that a business will lose significant value if one or a few critical individuals leave, become incapacitated, or disengage. In the context of agency M&A, it describes the danger that a founder, lead creative, or rainmaker relationship manager is so central to the agency's operations that the business cannot sustain itself without them."",""url"":""https://agencies.co/glossary/key-person-risk/"",""inDefinedTermSet"":{""@type"":""DefinedTermSet"",""name"":""Agency M&A Glossary"",""url"":""https://agencies.co/glossary/""}},{""@type"":""BreadcrumbList"",""itemListElement"":[{""@type"":""ListItem"",""position"":1,""name"":""Home"",""item"":""https://agencies.co/""},{""@type"":""ListItem"",""position"":2,""name"":""Glossary"",""item"":""https://agencies.co/glossary/""},{""@type"":""ListItem"",""position"":3,""name"":""Key Person Risk"",""item"":""https://agencies.co/glossary/key-person-risk/""}]}]}"
"What Are Normalized Earnings? | Agency M&A Definition","normalized-earnings","<h1>What Are Normalized Earnings? (Agency M&amp;A Definition)</h1>

<p>Normalized earnings are a company's profits after removing one-time, non-recurring, or owner-specific expenses and revenues to reveal the true ongoing earning power of the business. This adjusted figure gives buyers a clearer picture of what the agency will actually generate under new ownership. Normalized earnings are the foundation on which valuation multiples are applied.</p>

<h2>Normalized Earnings in Agency M&amp;A</h2>

<p>When selling a digital marketing agency, normalized earnings are where the real valuation conversation begins. Agency owners routinely run personal expenses through the business — a car lease, family cell phone plans, travel that blends business and personal purposes, or a spouse on the payroll in a nominal role. These are legitimate tax strategies while you own the business, but they artificially suppress reported profits. Normalizing earnings adds these back, along with one-time costs like a website redesign, legal fees from a one-off dispute, or severance paid during a restructuring. Revenue normalization matters too: if your agency landed a one-time $300,000 project that inflated last year's numbers, a buyer will strip that out. Conversely, if you lost a large client mid-year, a buyer may normalize by annualizing the remaining months to reflect steady-state performance. The normalization process requires detailed documentation. Buyers and their accountants will challenge every add-back, so sellers need receipts, explanations, and evidence that each adjustment is legitimate. Poorly documented add-backs are either rejected outright or discounted by 50%.</p>

<h2>How Normalized Earnings Affect Agency Valuation</h2>

<p>Normalized earnings directly determine the base number that gets multiplied by the valuation multiple, so even small adjustments compound significantly. An agency reporting $350,000 in net profit that normalizes to $500,000 after legitimate add-backs gains $150,000 in base earnings. At a 5x multiple, that normalization work is worth $750,000 in additional deal value. The most common agency add-backs include above-market owner compensation (the difference between what the owner takes and what a replacement GM would cost), personal vehicle expenses ($12,000-$24,000 annually), personal travel, one-time professional fees, and above-market rent paid to a related entity. Buyers accept owner compensation adjustments most readily — a founder paying themselves $300,000 when a hired GM would cost $175,000 creates a defensible $125,000 add-back. Aggressive or poorly supported add-backs, however, erode buyer trust and can torpedo deals entirely.</p>

<h2>Example</h2>

<p>A paid media agency reports $420,000 in net income on $2.1 million revenue. The owner undertakes normalization and identifies the following add-backs: above-market owner salary of $110,000 (owner takes $280,000; a replacement manager would cost $170,000), the owner's personal car lease at $14,400 per year, a one-time $35,000 office build-out, personal travel of $18,000, and the owner's spouse employed as an office manager at $45,000 who would not be retained. After normalization, adjusted earnings are $642,400. Applied to a 5.5x EBITDA multiple, the agency is valued at $3.53 million — compared to just $2.31 million if the buyer used the reported $420,000 figure. That $1.22 million difference demonstrates why thorough normalization is the single highest-ROI activity a seller can undertake before going to market.</p>

<h2>Related Terms</h2>

<ul>
<li><a href=""/glossary/adjusted-ebitda/"">Adjusted EBITDA</a></li>
<li><a href=""/glossary/ebitda/"">EBITDA</a></li>
<li><a href=""/glossary/sde/"">SDE (Seller's Discretionary Earnings)</a></li>
<li><a href=""/glossary/quality-of-earnings/"">Quality of Earnings</a></li>
</ul>

<h2>Further Reading</h2>

<ul>
<li><a href=""/agency-valuation/"">Agency Valuation Guide</a></li>
<li><a href=""/agency-valuation-multiples/"">Agency Valuation Multiples</a></li>
<li><a href=""/sell-your-agency/"">Sell Your Agency</a></li>
</ul>

<p><strong>Ready to find out what your agency is worth?</strong></p>

<p><a href=""/agency-valuation/"">Get Your Agency Valued</a> | <a href=""/contact-us/"">Schedule a Call</a></p>","Normalized Earnings in Agency M&A | Agencies.co","Normalized earnings can add $750K+ to your agency's sale price. Learn which add-backs buyers accept in marketing agency M&A. Visit Agencies.co.","normalized earnings agency","adjusted-ebitda,ebitda,sde,quality-of-earnings","{""@context"":""https://schema.org"",""@graph"":[{""@type"":""DefinedTerm"",""name"":""Normalized Earnings"",""description"":""Normalized earnings are a company's profits after removing one-time, non-recurring, or owner-specific expenses and revenues to reveal the true ongoing earning power of the business. This adjusted figure gives buyers a clearer picture of what the agency will actually generate under new ownership. Normalized earnings are the foundation on which valuation multiples are applied."",""url"":""https://agencies.co/glossary/normalized-earnings/"",""inDefinedTermSet"":{""@type"":""DefinedTermSet"",""name"":""Agency M&A Glossary"",""url"":""https://agencies.co/glossary/""}},{""@type"":""BreadcrumbList"",""itemListElement"":[{""@type"":""ListItem"",""position"":1,""name"":""Home"",""item"":""https://agencies.co/""},{""@type"":""ListItem"",""position"":2,""name"":""Glossary"",""item"":""https://agencies.co/glossary/""},{""@type"":""ListItem"",""position"":3,""name"":""Normalized Earnings"",""item"":""https://agencies.co/glossary/normalized-earnings/""}]}]}"
"What Is Quality of Earnings? | Agency M&A Definition","quality-of-earnings","<h1>What Is Quality of Earnings? (Agency M&amp;A Definition)</h1>

<p>A quality of earnings (QoE) report is an independent financial analysis conducted during due diligence to verify that a company's reported earnings are accurate, sustainable, and not inflated by accounting tricks, one-time events, or aggressive revenue recognition. It goes beyond a standard audit to assess whether the profits a buyer is paying for will actually continue after the acquisition.</p>

<h2>Quality of Earnings in Agency M&amp;A</h2>

<p>Buyers acquiring a marketing agency increasingly commission quality of earnings reports, particularly for deals above $2 million. The QoE process involves a third-party accounting firm reviewing 2-3 years of financial statements, interviewing management, and stress-testing every revenue line and expense category. For agencies, the QoE analyst pays special attention to revenue recognition practices — specifically whether the agency recognizes retainer revenue when billed or when services are delivered, and how project revenue on long-term engagements is recorded. They also examine whether media spend that passes through the agency is being counted as revenue, which artificially inflates the top line without adding margin. Client concentration and revenue durability come under intense scrutiny: a QoE will flag if 25% of revenue comes from clients on month-to-month terms versus multi-year contracts. The report will also validate or challenge the seller's proposed EBITDA add-backs, often reducing normalized earnings by 10-25% from what the seller initially presented. A QoE typically costs the buyer $25,000-$75,000 depending on deal size and agency complexity.</p>

<h2>How Quality of Earnings Affects Agency Valuation</h2>

<p>A quality of earnings report can make or break an agency deal. When the QoE confirms the seller's financials, it builds buyer confidence and often accelerates closing. When it reveals problems, it triggers renegotiation or deal termination. In agency transactions, QoE findings that most commonly reduce purchase price include: overstated add-backs (reducing normalized EBITDA by 10-20%), pass-through revenue counted as agency revenue (which lowers true margins), and revenue from at-risk clients being treated as recurring. A QoE that reduces adjusted EBITDA from $700,000 to $580,000 at a 5.5x multiple wipes $660,000 off the deal value. Sellers who commission their own sell-side QoE before going to market spend $20,000-$40,000 but gain a significant advantage: they can address issues proactively, present pre-validated financials, and reduce the chance of a surprise re-trade during due diligence.</p>

<h2>Example</h2>

<p>A full-service marketing agency with reported revenue of $4.5 million and seller-stated adjusted EBITDA of $810,000 enters due diligence at a 6x multiple, implying a $4.86 million deal. The buyer commissions a QoE report for $45,000. The analysis finds three issues: (1) $380,000 in pass-through media spend was included in reported revenue, inflating the top line; (2) one add-back of $55,000 for 'business development travel' was actually recurring and should not be added back; and (3) a $120,000-per-year client had already given informal notice of departing. The QoE adjusts EBITDA down to $685,000. At 6x, the revised valuation is $4.11 million — a $750,000 reduction from the original asking price. The seller, who had not done a sell-side QoE, had no opportunity to address these issues before they became negotiating leverage for the buyer.</p>

<h2>Related Terms</h2>

<ul>
<li><a href=""/glossary/due-diligence/"">Due Diligence</a></li>
<li><a href=""/glossary/normalized-earnings/"">Normalized Earnings</a></li>
<li><a href=""/glossary/adjusted-ebitda/"">Adjusted EBITDA</a></li>
<li><a href=""/glossary/data-room/"">Data Room</a></li>
</ul>

<h2>Further Reading</h2>

<ul>
<li><a href=""/agency-valuation/"">Agency Valuation Guide</a></li>
<li><a href=""/sell-your-agency/"">Sell Your Agency</a></li>
<li><a href=""/ma-blog/"">Agency M&A Blog</a></li>
</ul>

<p><strong>Ready to find out what your agency is worth?</strong></p>

<p><a href=""/agency-valuation/"">Get Your Agency Valued</a> | <a href=""/contact-us/"">Schedule a Call</a></p>","Quality of Earnings in Agency M&A | Agencies.co","A quality of earnings report can shift your agency deal by $500K+. Learn what buyers look for and how to prepare. Explore guides at Agencies.co.","quality of earnings agency","due-diligence,normalized-earnings,adjusted-ebitda,data-room","{""@context"":""https://schema.org"",""@graph"":[{""@type"":""DefinedTerm"",""name"":""Quality of Earnings"",""description"":""A quality of earnings (QoE) report is an independent financial analysis conducted during due diligence to verify that a company's reported earnings are accurate, sustainable, and not inflated by accounting tricks, one-time events, or aggressive revenue recognition. It goes beyond a standard audit to assess whether the profits a buyer is paying for will actually continue after the acquisition."",""url"":""https://agencies.co/glossary/quality-of-earnings/"",""inDefinedTermSet"":{""@type"":""DefinedTermSet"",""name"":""Agency M&A Glossary"",""url"":""https://agencies.co/glossary/""}},{""@type"":""BreadcrumbList"",""itemListElement"":[{""@type"":""ListItem"",""position"":1,""name"":""Home"",""item"":""https://agencies.co/""},{""@type"":""ListItem"",""position"":2,""name"":""Glossary"",""item"":""https://agencies.co/glossary/""},{""@type"":""ListItem"",""position"":3,""name"":""Quality of Earnings"",""item"":""https://agencies.co/glossary/quality-of-earnings/""}]}]}"
"What Is Teaser Document? | Agency M&A Definition","teaser-document","<h1>What Is Teaser Document? (Agency M&amp;A Definition)</h1>

<p>A teaser document is a brief, anonymized summary of a business that is shared with prospective buyers early in the sale process to gauge interest without revealing the company's identity. Typically one to two pages, it highlights key financial metrics, market position, and growth potential while keeping the agency's name, clients, and location confidential.</p>

<h2>Teaser Document in Agency M&amp;A</h2>

<p>When selling a marketing agency, the teaser document is your first impression with potential buyers — and in M&A, you do not get a second one. The teaser is distributed before a prospective buyer signs a non-disclosure agreement, so confidentiality is paramount. A well-crafted agency teaser includes the agency's service offerings described generically (e.g., 'full-service digital agency specializing in paid media and analytics'), revenue range rather than exact figures (e.g., '$2-3 million'), approximate EBITDA margins, number of employees, client industry verticals without naming clients, geographic region, and years in operation. It should not include enough detail for a competitor or employee to identify the agency. The teaser's purpose is to generate enough interest that qualified buyers request further information and sign an NDA, at which point they receive the full confidential information memorandum. Agencies with a differentiated positioning — say, a healthcare marketing specialty or proprietary technology — can communicate this in the teaser without revealing identity. A strong teaser for a $2 million agency typically generates interest from 15-30 potential buyers, of which 8-15 will sign NDAs to learn more.</p>

<h2>How Teaser Document Affects Agency Valuation</h2>

<p>The teaser document itself does not set the price, but it shapes the pool of buyers who compete for the deal, which directly influences final valuation. A compelling teaser that highlights strong margins, recurring revenue, and growth trajectory attracts more qualified buyers and creates competitive tension. Agencies that emphasize retainer-based revenue (which signals stability) and growing EBITDA margins in their teaser consistently attract 40-60% more interested buyers than those presenting flat or project-heavy revenue profiles. More interested buyers mean more offers, and competitive dynamics can push the final multiple up by 0.5-1.0x EBITDA. Conversely, a poorly written teaser that buries the compelling metrics, includes too much detail (making the agency identifiable), or reads generically fails to differentiate the opportunity. Some sellers shortcut the process and skip the teaser entirely, going straight to the CIM — but this limits the buyer pool and sacrifices the filtering step that protects confidentiality.</p>

<h2>Example</h2>

<p>A conversion rate optimization agency with $1.9 million in revenue and 28% EBITDA margins prepares a one-page teaser. It reads: 'Established digital consultancy specializing in conversion optimization and experimentation for e-commerce brands. 8+ years in operation, 22 employees, with 75% recurring retainer revenue. Revenue: $1.5-2.5M range. EBITDA margins: 25-30%. Strong YoY growth with 90%+ client retention. Southeastern US location. Seeking strategic buyer for full acquisition.' The teaser is distributed to 45 pre-qualified buyers sourced from a broker's network. Twenty-two request more information and sign NDAs. After reviewing the full CIM, nine submit indications of interest, ultimately driving a competitive process that yields a final sale price of 6.2x EBITDA — above the initial target of 5.5x — because multiple buyers bid aggressively for the high-retention, high-margin profile the teaser highlighted.</p>

<h2>Related Terms</h2>

<ul>
<li><a href=""/glossary/confidential-information-memorandum/"">Confidential Information Memorandum</a></li>
<li><a href=""/glossary/data-room/"">Data Room</a></li>
<li><a href=""/glossary/letter-of-intent/"">Letter of Intent</a></li>
<li><a href=""/glossary/due-diligence/"">Due Diligence</a></li>
</ul>

<h2>Further Reading</h2>

<ul>
<li><a href=""/sell-your-agency/"">Sell Your Agency</a></li>
<li><a href=""/agency-valuation/"">Agency Valuation Guide</a></li>
<li><a href=""/ma-blog/"">Agency M&A Blog</a></li>
</ul>

<p><strong>Ready to find out what your agency is worth?</strong></p>

<p><a href=""/agency-valuation/"">Get Your Agency Valued</a> | <a href=""/contact-us/"">Schedule a Call</a></p>","Teaser Document in Agency M&A | Agencies.co","A strong teaser document attracts more buyers and drives up your agency's sale price. Learn what to include and what to hide. Visit Agencies.co.","agency teaser document","confidential-information-memorandum,data-room,letter-of-intent,due-diligence","{""@context"":""https://schema.org"",""@graph"":[{""@type"":""DefinedTerm"",""name"":""Teaser Document"",""description"":""A teaser document is a brief, anonymized summary of a business that is shared with prospective buyers early in the sale process to gauge interest without revealing the company's identity. Typically one to two pages, it highlights key financial metrics, market position, and growth potential while keeping the agency's name, clients, and location confidential."",""url"":""https://agencies.co/glossary/teaser-document/"",""inDefinedTermSet"":{""@type"":""DefinedTermSet"",""name"":""Agency M&A Glossary"",""url"":""https://agencies.co/glossary/""}},{""@type"":""BreadcrumbList"",""itemListElement"":[{""@type"":""ListItem"",""position"":1,""name"":""Home"",""item"":""https://agencies.co/""},{""@type"":""ListItem"",""position"":2,""name"":""Glossary"",""item"":""https://agencies.co/glossary/""},{""@type"":""ListItem"",""position"":3,""name"":""Teaser Document"",""item"":""https://agencies.co/glossary/teaser-document/""}]}]}"
"What Is Confidential Information Memorandum? | Agency M&A Definition","confidential-information-memorandum","<h1>What Is Confidential Information Memorandum? (Agency M&amp;A Definition)</h1>

<p>A confidential information memorandum (CIM) is a comprehensive document prepared by the seller or their advisor that provides detailed information about a business being offered for sale. Also called an offering memorandum or information memorandum, it is shared only with prospective buyers who have signed a non-disclosure agreement and serves as the primary marketing document for the transaction.</p>

<h2>Confidential Information Memorandum in Agency M&amp;A</h2>

<p>For marketing agency sales, the CIM is where the seller makes their most persuasive case for why the agency is worth buying. A thorough agency CIM typically runs 30-60 pages and covers the agency's history and founding story, detailed service offerings and case studies (anonymized if needed), organizational chart with key personnel bios, three to five years of historical financial statements, client roster with revenue by client and contract terms, revenue mix between retainer and project work, employee compensation summary, technology stack and proprietary tools, market positioning and competitive landscape, and growth opportunities the buyer could pursue. The CIM walks a careful line between advocacy and accuracy. It should present the agency in its best light while remaining truthful, because every claim will be verified during due diligence. Experienced buyers read dozens of CIMs per year and can immediately spot inflated projections or vague financial presentations. Agency-specific CIMs should prominently feature net revenue (excluding pass-through media spend), client retention rates, and average revenue per client — metrics that matter most to agency acquirers. The cost of preparing a professional CIM through an M&A advisor typically ranges from $10,000-$25,000, though many advisors include it in their success fee arrangement.</p>

<h2>How Confidential Information Memorandum Affects Agency Valuation</h2>

<p>The CIM is the most important pre-offer document in the sale process because it shapes every buyer's initial perception of value. Agencies whose CIMs clearly present normalized EBITDA with well-documented add-backs, demonstrate revenue durability through high retention rates and long-term contracts, and articulate a believable growth story consistently receive higher initial offers. A CIM that presents a clear path from $500,000 EBITDA to $750,000 EBITDA through specific, actionable growth levers — not vague aspirations — can justify a buyer paying a premium multiple for future upside. Conversely, CIMs with disorganized financials, missing data, or overly aggressive projections signal risk and invite lowball offers. The difference between a well-prepared and poorly prepared CIM can be 0.5-1.5x on the final multiple. For a $600,000 EBITDA agency, that translates to $300,000 to $900,000 in deal value.</p>

<h2>Example</h2>

<p>A HubSpot partner agency generating $2.6 million in revenue and $520,000 in adjusted EBITDA prepares a 45-page CIM with their M&A advisor. The document features a detailed breakdown of revenue: 68% from retainers averaging $8,500/month per client, 22% from implementation projects, and 10% from training workshops. It showcases a 92% annual client retention rate, an average client tenure of 3.2 years, and a pipeline of $340,000 in qualified new business opportunities. The financial section presents three years of P&L statements with clearly documented add-backs totaling $135,000 annually. Six buyers submit offers after reviewing the CIM. The winning bid comes in at 6.5x adjusted EBITDA ($3.38 million) — the buyer later noted that the retention metrics and documented growth pipeline in the CIM gave them confidence to bid above their initial 5.5x ceiling.</p>

<h2>Related Terms</h2>

<ul>
<li><a href=""/glossary/teaser-document/"">Teaser Document</a></li>
<li><a href=""/glossary/data-room/"">Data Room</a></li>
<li><a href=""/glossary/due-diligence/"">Due Diligence</a></li>
<li><a href=""/glossary/letter-of-intent/"">Letter of Intent</a></li>
</ul>

<h2>Further Reading</h2>

<ul>
<li><a href=""/sell-your-agency/"">Sell Your Agency</a></li>
<li><a href=""/agency-valuation/"">Agency Valuation Guide</a></li>
<li><a href=""/agency-valuation-multiples/"">Agency Valuation Multiples</a></li>
</ul>

<p><strong>Ready to find out what your agency is worth?</strong></p>

<p><a href=""/agency-valuation/"">Get Your Agency Valued</a> | <a href=""/contact-us/"">Schedule a Call</a></p>","CIM for Agency M&A - Guide | Agencies.co","A strong CIM can boost your agency's sale price by 0.5-1.5x EBITDA. Learn what buyers expect in a confidential information memorandum at Agencies.co.","confidential information memorandum agency","teaser-document,data-room,due-diligence,letter-of-intent","{""@context"":""https://schema.org"",""@graph"":[{""@type"":""DefinedTerm"",""name"":""Confidential Information Memorandum"",""description"":""A confidential information memorandum (CIM) is a comprehensive document prepared by the seller or their advisor that provides detailed information about a business being offered for sale. Also called an offering memorandum or information memorandum, it is shared only with prospective buyers who have signed a non-disclosure agreement and serves as the primary marketing document for the transaction."",""url"":""https://agencies.co/glossary/confidential-information-memorandum/"",""inDefinedTermSet"":{""@type"":""DefinedTermSet"",""name"":""Agency M&A Glossary"",""url"":""https://agencies.co/glossary/""}},{""@type"":""BreadcrumbList"",""itemListElement"":[{""@type"":""ListItem"",""position"":1,""name"":""Home"",""item"":""https://agencies.co/""},{""@type"":""ListItem"",""position"":2,""name"":""Glossary"",""item"":""https://agencies.co/glossary/""},{""@type"":""ListItem"",""position"":3,""name"":""Confidential Information Memorandum"",""item"":""https://agencies.co/glossary/confidential-information-memorandum/""}]}]}"
"What Is Data Room? | Agency M&A Definition","data-room","<h1>What Is Data Room? (Agency M&amp;A Definition)</h1>

<p>A data room is a secure digital repository where a seller organizes and shares confidential business documents with prospective buyers during the due diligence phase of a transaction. Modern data rooms are cloud-based platforms with granular access controls, activity tracking, and document watermarking that allow sellers to control exactly who sees what and when.</p>

<h2>Data Room in Agency M&amp;A</h2>

<p>When selling a marketing agency, the data room becomes the central hub of due diligence and one of the clearest signals of how professionally the seller has prepared for the transaction. A well-organized agency data room typically includes the following categories: corporate documents (articles of incorporation, operating agreements, partnership agreements), financial records (3-5 years of tax returns, P&L statements, balance sheets, aged receivables), client information (contracts, revenue by client, retention history, scope of work templates), employee records (compensation schedules, employment agreements, benefits documentation, org chart), legal matters (pending or threatened litigation, IP registrations, non-compete agreements with former employees), operational documents (vendor contracts, software subscriptions, lease agreements, insurance policies), and marketing and sales materials (pitch decks, case studies, new business pipeline). Agency sellers commonly use platforms like Datasite, Firmex, or even well-organized Google Drive folders for smaller deals. The data room should be populated before going to market, not assembled reactively as buyers request documents. Sellers who launch with a complete data room close deals 30-45 days faster on average, because the back-and-forth of document requests — which kills deal momentum — is minimized.</p>

<h2>How Data Room Affects Agency Valuation</h2>

<p>A comprehensive, well-organized data room does not add a line item to valuation, but it profoundly influences buyer confidence and deal velocity — both of which affect final price. Buyers who encounter missing documents, disorganized files, or slow responses to information requests begin discounting the opportunity. Every delayed document request adds uncertainty, and uncertainty always costs the seller money. In agency deals, the most valuation-sensitive data room items are client contracts (which prove revenue durability), historical financials with supporting detail (which validate normalized earnings), and employee agreements (which demonstrate team stability). Agencies that present audited or reviewed financial statements in the data room command a premium because the numbers carry third-party credibility. According to middle-market deal data, transactions where the seller provided a substantially complete data room at the start of due diligence closed at multiples 0.3-0.5x higher than comparable deals where the data room was incomplete or poorly organized.</p>

<h2>Example</h2>

<p>A marketing analytics agency with $3.1 million in revenue prepares for sale by building a data room on Firmex, organized into 12 folders with 340 documents. The financial folder includes three years of CPA-reviewed statements, monthly P&Ls, and a detailed add-back schedule with supporting receipts. The client folder contains all 28 active contracts, a client-by-client revenue waterfall chart, and NPS survey results showing a score of 72. The employee folder has all 19 employment agreements, a compensation benchmarking report, and documentation of the management team's equity incentive plan. During due diligence, the buyer's team of five analysts completes their review in 21 days rather than the typical 45-60. The buyer's M&A counsel later tells the agency's advisor that the data room quality was a factor in their recommendation to proceed at the agreed 5.8x multiple ($1.07 million EBITDA, $6.2 million deal value) rather than seeking a price reduction, as they typically do when data rooms are incomplete.</p>

<h2>Related Terms</h2>

<ul>
<li><a href=""/glossary/due-diligence/"">Due Diligence</a></li>
<li><a href=""/glossary/confidential-information-memorandum/"">Confidential Information Memorandum</a></li>
<li><a href=""/glossary/quality-of-earnings/"">Quality of Earnings</a></li>
<li><a href=""/glossary/teaser-document/"">Teaser Document</a></li>
</ul>

<h2>Further Reading</h2>

<ul>
<li><a href=""/sell-your-agency/"">Sell Your Agency</a></li>
<li><a href=""/agency-valuation/"">Agency Valuation Guide</a></li>
<li><a href=""/ma-blog/"">Agency M&A Blog</a></li>
</ul>

<p><strong>Ready to find out what your agency is worth?</strong></p>

<p><a href=""/agency-valuation/"">Get Your Agency Valued</a> | <a href=""/contact-us/"">Schedule a Call</a></p>","Data Room for Agency M&A - Guide | Agencies.co","A well-organized data room can speed up your agency sale by 30+ days and protect your valuation. Learn how to set one up at Agencies.co today.","agency data room M&A","due-diligence,confidential-information-memorandum,quality-of-earnings,teaser-document","{""@context"":""https://schema.org"",""@graph"":[{""@type"":""DefinedTerm"",""name"":""Data Room"",""description"":""A data room is a secure digital repository where a seller organizes and shares confidential business documents with prospective buyers during the due diligence phase of a transaction. Modern data rooms are cloud-based platforms with granular access controls, activity tracking, and document watermarking that allow sellers to control exactly who sees what and when."",""url"":""https://agencies.co/glossary/data-room/"",""inDefinedTermSet"":{""@type"":""DefinedTermSet"",""name"":""Agency M&A Glossary"",""url"":""https://agencies.co/glossary/""}},{""@type"":""BreadcrumbList"",""itemListElement"":[{""@type"":""ListItem"",""position"":1,""name"":""Home"",""item"":""https://agencies.co/""},{""@type"":""ListItem"",""position"":2,""name"":""Glossary"",""item"":""https://agencies.co/glossary/""},{""@type"":""ListItem"",""position"":3,""name"":""Data Room"",""item"":""https://agencies.co/glossary/data-room/""}]}]}"
"What Is Exclusivity Period? | Agency M&A Definition","exclusivity-period","<h1>What Is Exclusivity Period? (Agency M&amp;A Definition)</h1>

<p>An exclusivity period is a defined timeframe during which a seller agrees not to negotiate with, solicit, or entertain offers from any other potential buyers. Also called a ""no-shop clause,"" it gives the prospective buyer a window to complete due diligence and finalize deal terms without competitive pressure. Exclusivity periods are typically outlined in the letter of intent and last anywhere from 30 to 120 days.</p>

<h2>Exclusivity Period in Agency M&amp;A</h2>

<p>In marketing agency M&A, exclusivity periods are a critical negotiation point that balances seller leverage against buyer certainty. When selling a digital marketing agency, owners often resist long exclusivity windows because the moment word leaks that an agency is ""in play,"" it can unsettle clients and staff. Buyers, on the other hand, need adequate time to review client contracts, verify revenue retention, assess key person dependencies, and confirm that reported EBITDA margins hold up under scrutiny. For agencies with $1M-$3M in revenue, a 60-day exclusivity period is standard. Larger deals involving agencies north of $5M in revenue may warrant 90 days due to the complexity of client portfolios and multi-office operations. Sellers should negotiate clear milestones within the exclusivity window — for instance, requiring the buyer to complete financial due diligence within the first 30 days — so that the process does not stall indefinitely. A well-drafted exclusivity clause will also include a termination trigger if the buyer fails to meet agreed timelines, returning the seller's freedom to pursue other offers.</p>

<h2>How Exclusivity Period Affects Agency Valuation</h2>

<p>Exclusivity periods indirectly affect valuation by shaping negotiation dynamics. A longer exclusivity window can erode seller leverage, particularly if the agency's performance dips during the period or if market conditions shift. Conversely, a tightly managed exclusivity period with clear deadlines can maintain competitive tension and protect the seller's asking price. In practice, agencies that enter exclusivity after running a competitive process with multiple interested buyers tend to achieve valuations 0.5x-1.0x higher on their EBITDA multiple than those that negotiate exclusively with a single buyer from the outset. The exclusivity period also affects deal certainty, which buyers often price into their offer.</p>

<h2>Example</h2>

<p>A content marketing agency with $2.4M in revenue and $480,000 in EBITDA receives a letter of intent from a strategic buyer offering 6x EBITDA ($2.88M). The LOI includes a 75-day exclusivity period. The seller negotiates it down to 60 days with a milestone requiring completed financial due diligence by day 30. At day 28, the buyer requests a 30-day extension citing delays in reviewing 47 active client contracts. The seller agrees to a 15-day extension only, preserving leverage and keeping the deal on track to close within 75 days total.</p>

<h2>Related Terms</h2>

<ul>
<li><a href=""/glossary/letter-of-intent/"">Letter of Intent</a></li>
<li><a href=""/glossary/due-diligence/"">Due Diligence</a></li>
<li><a href=""/glossary/break-up-fee/"">Break-Up Fee</a></li>
<li><a href=""/glossary/purchase-agreement/"">Purchase Agreement</a></li>
</ul>

<h2>Further Reading</h2>

<ul>
<li><a href=""/sell-your-agency/"">Sell Your Agency</a></li>
<li><a href=""/agency-valuation/"">Agency Valuation Guide</a></li>
<li><a href=""/ma-blog/"">Agency M&A Blog</a></li>
</ul>

<p><strong>Ready to find out what your agency is worth?</strong></p>

<p><a href=""/agency-valuation/"">Get Your Agency Valued</a> | <a href=""/contact-us/"">Schedule a Call</a></p>","Exclusivity Period in Agency M&A - Guide | Agencies.co","Learn what an exclusivity period means in agency M&A, how long it should last, and how to protect your leverage when selling. Explore more at Agencies.co.","exclusivity period agency","letter-of-intent,due-diligence,break-up-fee,purchase-agreement","{""@context"":""https://schema.org"",""@graph"":[{""@type"":""DefinedTerm"",""name"":""Exclusivity Period"",""description"":""An exclusivity period is a defined timeframe during which a seller agrees not to negotiate with, solicit, or entertain offers from any other potential buyers. Also called a \""no-shop clause,\"" it gives the prospective buyer a window to complete due diligence and finalize deal terms without competitive pressure. Exclusivity periods are typically outlined in the letter of intent and last anywhere from 30 to 120 days."",""url"":""https://agencies.co/glossary/exclusivity-period/"",""inDefinedTermSet"":{""@type"":""DefinedTermSet"",""name"":""Agency M&A Glossary"",""url"":""https://agencies.co/glossary/""}},{""@type"":""BreadcrumbList"",""itemListElement"":[{""@type"":""ListItem"",""position"":1,""name"":""Home"",""item"":""https://agencies.co/""},{""@type"":""ListItem"",""position"":2,""name"":""Glossary"",""item"":""https://agencies.co/glossary/""},{""@type"":""ListItem"",""position"":3,""name"":""Exclusivity Period"",""item"":""https://agencies.co/glossary/exclusivity-period/""}]}]}"
"What Is Break-Up Fee? | Agency M&A Definition","break-up-fee","<h1>What Is Break-Up Fee? (Agency M&amp;A Definition)</h1>

<p>A break-up fee is a financial penalty one party agrees to pay the other if the deal falls through for specified reasons. Sometimes called a termination fee, it compensates the non-breaching party for the time, expense, and opportunity cost of pursuing a transaction that ultimately fails. Break-up fees in agency M&A typically range from 1% to 3% of the total deal value.</p>

<h2>Break-Up Fee in Agency M&amp;A</h2>

<p>Break-up fees serve as a commitment mechanism in marketing agency transactions, where deal collapses can be especially damaging. When a creative agency owner has spent three months in exclusive negotiations — during which key employees may have learned about the sale and clients may have grown uneasy — a failed deal without compensation leaves the seller in a significantly weakened position. Buyers evaluating a creative agency typically agree to a break-up fee to demonstrate seriousness and to give the seller confidence to proceed through the disruptive due diligence process. In agency M&A, these fees most often protect the seller if the buyer fails to secure financing, cannot meet closing conditions, or simply walks away without cause. However, buyers occasionally negotiate reverse break-up fees that protect them if the seller accepts a competing offer or if undisclosed liabilities surface. The fee structure should be proportional to deal size: for an agency selling at $2M, a 2% break-up fee of $40,000 is common. For larger deals above $5M, fees may be negotiated as a tiered percentage that decreases as the deal value increases.</p>

<h2>How Break-Up Fee Affects Agency Valuation</h2>

<p>Break-up fees do not directly change the headline valuation of an agency, but they materially affect deal certainty and the seller's risk-adjusted return. A robust break-up fee clause signals that the buyer has strong conviction in the deal, which can reassure sellers to accept a slightly lower multiple in exchange for greater closing probability. Conversely, the absence of a break-up fee in a letter of intent should raise red flags for sellers, as it suggests the buyer may be using the exclusivity period to fish for information without genuine commitment. From a buyer's perspective, agreeing to a meaningful break-up fee — say 2% of a $3M deal — represents a $60,000 downside that concentrates the mind and accelerates diligence timelines.</p>

<h2>Example</h2>

<p>A performance marketing agency agrees to sell for $3.2M (5.5x EBITDA of $582,000). The LOI includes a buyer-side break-up fee of 2.5%, or $80,000, payable if the buyer fails to close for any reason other than material misrepresentation by the seller. Sixty days into due diligence, the buyer's board decides to redirect capital to a different acquisition. The buyer pays the $80,000 break-up fee, which partially compensates the seller for three months of disruption, $15,000 in legal fees, and the loss of a competing offer that expired during the exclusivity period.</p>

<h2>Related Terms</h2>

<ul>
<li><a href=""/glossary/exclusivity-period/"">Exclusivity Period</a></li>
<li><a href=""/glossary/letter-of-intent/"">Letter of Intent</a></li>
<li><a href=""/glossary/purchase-agreement/"">Purchase Agreement</a></li>
<li><a href=""/glossary/closing-conditions/"">Closing Conditions</a></li>
</ul>

<h2>Further Reading</h2>

<ul>
<li><a href=""/sell-your-agency/"">Sell Your Agency</a></li>
<li><a href=""/agency-valuation/"">Agency Valuation Guide</a></li>
<li><a href=""/ma-blog/"">Agency M&A Blog</a></li>
</ul>

<p><strong>Ready to find out what your agency is worth?</strong></p>

<p><a href=""/agency-valuation/"">Get Your Agency Valued</a> | <a href=""/contact-us/"">Schedule a Call</a></p>","Break-Up Fee in Agency M&A - Guide | Agencies.co","Understand break-up fees in agency M&A deals, typical percentages, and how they protect sellers and buyers. Get expert guidance at Agencies.co.","break-up fee agency","exclusivity-period,letter-of-intent,purchase-agreement,closing-conditions","{""@context"":""https://schema.org"",""@graph"":[{""@type"":""DefinedTerm"",""name"":""Break-Up Fee"",""description"":""A break-up fee is a financial penalty one party agrees to pay the other if the deal falls through for specified reasons. Sometimes called a termination fee, it compensates the non-breaching party for the time, expense, and opportunity cost of pursuing a transaction that ultimately fails. Break-up fees in agency M&A typically range from 1% to 3% of the total deal value."",""url"":""https://agencies.co/glossary/break-up-fee/"",""inDefinedTermSet"":{""@type"":""DefinedTermSet"",""name"":""Agency M&A Glossary"",""url"":""https://agencies.co/glossary/""}},{""@type"":""BreadcrumbList"",""itemListElement"":[{""@type"":""ListItem"",""position"":1,""name"":""Home"",""item"":""https://agencies.co/""},{""@type"":""ListItem"",""position"":2,""name"":""Glossary"",""item"":""https://agencies.co/glossary/""},{""@type"":""ListItem"",""position"":3,""name"":""Break-Up Fee"",""item"":""https://agencies.co/glossary/break-up-fee/""}]}]}"
"What Are Drag-Along Rights? | Agency M&A Definition","drag-along-rights","<h1>What Are Drag-Along Rights? (Agency M&amp;A Definition)</h1>

<p>Drag-along rights allow majority shareholders to force minority shareholders to join in the sale of a company on the same terms and conditions. This provision prevents a small group of minority owners from blocking a transaction that the majority has approved. Drag-along rights are typically established in the shareholders' agreement or operating agreement well before any sale process begins.</p>

<h2>Drag-Along Rights in Agency M&amp;A</h2>

<p>Many marketing agencies have complex ownership structures — a founding CEO who holds 60%, a creative director with 20%, and a head of strategy with 20%, for example. Without drag-along rights, the two minority owners could refuse to sell, effectively killing a deal even when the majority owner and the buyer have agreed on terms. In agency M&A, this scenario is more common than people realize. Partners who joined the agency early often hold meaningful equity stakes, and their personal situations or strategic views may not align with the majority owner's desire to exit. Buyers evaluating a full-service agency will almost always require confirmation that drag-along provisions exist before submitting a formal offer, because acquiring only a partial stake in a marketing agency creates governance headaches and limits integration options. When selling a digital marketing agency with multiple equity holders, establishing drag-along rights early — ideally when the partnership is formed — avoids painful negotiations at the worst possible time. These rights typically require a supermajority threshold, often 66% or 75% of equity, to trigger the drag-along.</p>

<h2>How Drag-Along Rights Affect Agency Valuation</h2>

<p>The presence or absence of drag-along rights directly affects buyer confidence and, consequently, the multiples they are willing to pay. An agency with clean drag-along provisions in its operating agreement signals a straightforward path to 100% acquisition, which is what most buyers want. Without these rights, buyers face the risk of holdout minority owners demanding premium pricing for their shares or blocking the deal entirely. This uncertainty can reduce the offered multiple by 0.5x-1.0x EBITDA. For a $600,000 EBITDA agency, that translates to $300,000-$600,000 left on the table. Some buyers will structure around the problem by acquiring only the majority stake initially, but this typically comes at a discounted valuation.</p>

<h2>Example</h2>

<p>A branding agency has three partners: Partner A (55% equity), Partner B (30%), and Partner C (15%). The agency generates $3.6M in revenue with $720,000 in EBITDA. A holding company offers 6.5x EBITDA ($4.68M) for 100% of the business. Partner A and Partner B agree, representing 85% of equity. Partner C, who is five years from retirement, resists selling. Because the shareholders' agreement includes drag-along rights triggered at a 66% ownership threshold, Partners A and B can compel Partner C to sell on the same terms. Partner C receives 15% of $4.68M ($702,000), the same per-share price as the other partners.</p>

<h2>Related Terms</h2>

<ul>
<li><a href=""/glossary/tag-along-rights/"">Tag-Along Rights</a></li>
<li><a href=""/glossary/change-of-control/"">Change of Control</a></li>
<li><a href=""/glossary/purchase-agreement/"">Purchase Agreement</a></li>
<li><a href=""/glossary/management-buyout/"">Management Buyout</a></li>
</ul>

<h2>Further Reading</h2>

<ul>
<li><a href=""/sell-your-agency/"">Sell Your Agency</a></li>
<li><a href=""/agency-valuation/"">Agency Valuation Guide</a></li>
<li><a href=""/ma-blog/"">Agency M&A Blog</a></li>
</ul>

<p><strong>Ready to find out what your agency is worth?</strong></p>

<p><a href=""/agency-valuation/"">Get Your Agency Valued</a> | <a href=""/contact-us/"">Schedule a Call</a></p>","Drag-Along Rights in Agency M&A - Guide | Agencies.co","Learn how drag-along rights work in agency M&A, why buyers require them, and how they affect your agency's sale price. Explore guides at Agencies.co.","drag-along rights agency","tag-along-rights,change-of-control,purchase-agreement,management-buyout","{""@context"":""https://schema.org"",""@graph"":[{""@type"":""DefinedTerm"",""name"":""Drag-Along Rights"",""description"":""Drag-along rights allow majority shareholders to force minority shareholders to join in the sale of a company on the same terms and conditions. This provision prevents a small group of minority owners from blocking a transaction that the majority has approved. Drag-along rights are typically established in the shareholders' agreement or operating agreement well before any sale process begins."",""url"":""https://agencies.co/glossary/drag-along-rights/"",""inDefinedTermSet"":{""@type"":""DefinedTermSet"",""name"":""Agency M&A Glossary"",""url"":""https://agencies.co/glossary/""}},{""@type"":""BreadcrumbList"",""itemListElement"":[{""@type"":""ListItem"",""position"":1,""name"":""Home"",""item"":""https://agencies.co/""},{""@type"":""ListItem"",""position"":2,""name"":""Glossary"",""item"":""https://agencies.co/glossary/""},{""@type"":""ListItem"",""position"":3,""name"":""Drag-Along Rights"",""item"":""https://agencies.co/glossary/drag-along-rights/""}]}]}"
"What Are Tag-Along Rights? | Agency M&A Definition","tag-along-rights","<h1>What Are Tag-Along Rights? (Agency M&amp;A Definition)</h1>

<p>Tag-along rights, also known as co-sale rights, protect minority shareholders by giving them the right to join a transaction when a majority shareholder sells their stake. If the majority owner sells, minority holders can ""tag along"" and sell their shares on the same terms and at the same price per share. This prevents minority owners from being stranded in a company with a new, unknown controlling partner.</p>

<h2>Tag-Along Rights in Agency M&amp;A</h2>

<p>Tag-along rights are essential protections for junior partners and equity-holding employees in marketing agencies. Consider a common scenario: a senior account director holds 10% equity in an SEO agency after years of sweat equity, and the founder who holds 70% receives a lucrative acquisition offer. Without tag-along rights, the founder could sell their 70% to a buyer, leaving the account director as a 10% minority owner under entirely new management with no ability to exit. In agency M&A, this creates a serious talent retention problem because the minority holder often feels trapped and may leave, taking client relationships with them. Buyers evaluating a media buying agency or any agency with distributed equity should pay close attention to tag-along provisions because they affect the total acquisition cost. If minority holders exercise tag-along rights, the buyer must purchase their shares too, increasing the total outlay. Well-structured agency operating agreements address this by clearly defining tag-along thresholds, notice periods (typically 30 days), and the mechanics of how minority holders exercise their rights.</p>

<h2>How Tag-Along Rights Affect Agency Valuation</h2>

<p>Tag-along rights affect deal structure more than headline valuation. When minority holders exercise their tag-along rights, the buyer acquires a larger percentage of the agency — often 100% — which simplifies post-acquisition integration and governance. This completeness is actually a positive for buyers and can support a higher multiple because there are no lingering minority interests to manage. However, the total cash required at closing increases. For example, a buyer budgeting $3M to acquire a 70% majority stake may need $4.3M if the remaining 30% tags along. From the seller's perspective, tag-along rights ensure equitable treatment of all shareholders, which reduces the risk of internal disputes derailing the deal during the sale process.</p>

<h2>Example</h2>

<p>A social media marketing agency has two owners: the founder with 75% equity and a managing director with 25%. The agency does $1.8M in revenue with $360,000 EBITDA. A strategic buyer offers the founder $1.62M for her 75% stake (based on a 6x EBITDA total valuation of $2.16M). The managing director exercises his tag-along rights, requiring the buyer to also purchase his 25% stake for $540,000 on identical terms. The buyer's total acquisition cost rises from $1.62M to $2.16M, but it gains 100% ownership and avoids the complications of a minority partner with different incentives.</p>

<h2>Related Terms</h2>

<ul>
<li><a href=""/glossary/drag-along-rights/"">Drag-Along Rights</a></li>
<li><a href=""/glossary/change-of-control/"">Change of Control</a></li>
<li><a href=""/glossary/purchase-agreement/"">Purchase Agreement</a></li>
<li><a href=""/glossary/management-buyout/"">Management Buyout</a></li>
</ul>

<h2>Further Reading</h2>

<ul>
<li><a href=""/sell-your-agency/"">Sell Your Agency</a></li>
<li><a href=""/agency-valuation-multiples/"">Agency Valuation Multiples</a></li>
<li><a href=""/ma-blog/"">Agency M&A Blog</a></li>
</ul>

<p><strong>Ready to find out what your agency is worth?</strong></p>

<p><a href=""/agency-valuation/"">Get Your Agency Valued</a> | <a href=""/contact-us/"">Schedule a Call</a></p>","Tag-Along Rights in Agency M&A - Guide | Agencies.co","Discover how tag-along rights protect minority agency owners in M&A deals and what they mean for buyers and sellers. Learn more at Agencies.co.","tag-along rights agency","drag-along-rights,change-of-control,purchase-agreement,management-buyout","{""@context"":""https://schema.org"",""@graph"":[{""@type"":""DefinedTerm"",""name"":""Tag-Along Rights"",""description"":""Tag-along rights, also known as co-sale rights, protect minority shareholders by giving them the right to join a transaction when a majority shareholder sells their stake. If the majority owner sells, minority holders can \""tag along\"" and sell their shares on the same terms and at the same price per share. This prevents minority owners from being stranded in a company with a new, unknown controlling partner."",""url"":""https://agencies.co/glossary/tag-along-rights/"",""inDefinedTermSet"":{""@type"":""DefinedTermSet"",""name"":""Agency M&A Glossary"",""url"":""https://agencies.co/glossary/""}},{""@type"":""BreadcrumbList"",""itemListElement"":[{""@type"":""ListItem"",""position"":1,""name"":""Home"",""item"":""https://agencies.co/""},{""@type"":""ListItem"",""position"":2,""name"":""Glossary"",""item"":""https://agencies.co/glossary/""},{""@type"":""ListItem"",""position"":3,""name"":""Tag-Along Rights"",""item"":""https://agencies.co/glossary/tag-along-rights/""}]}]}"
"What Is Change of Control? | Agency M&A Definition","change-of-control","<h1>What Is Change of Control? (Agency M&amp;A Definition)</h1>

<p>A change of control occurs when a majority ownership stake in a company transfers to a new party, either through a sale, merger, or significant equity restructuring. Change-of-control clauses appear in client contracts, employee agreements, vendor agreements, and loan documents, and they define what happens — or what rights are triggered — when ownership changes hands.</p>

<h2>Change of Control in Agency M&amp;A</h2>

<p>Change of control is one of the most consequential issues in marketing agency M&A because agencies are fundamentally relationship businesses. When selling a digital marketing agency, the buyer must carefully review every client contract for change-of-control provisions. Many enterprise clients include clauses that allow them to terminate their contract — often with just 30 days' notice — if agency ownership changes. For an agency where the top five clients represent 60% of revenue, these clauses represent existential deal risk. Buyers evaluating a creative agency typically map out every contract with a change-of-control trigger, estimate the revenue at risk, and either negotiate client consent before closing or adjust their offer accordingly. Employee agreements may also contain change-of-control provisions, sometimes granting accelerated vesting of equity or bonuses upon a sale, which increases the buyer's total cost. On the vendor side, agencies that rely on preferred pricing from media platforms or technology partners may find that those rates reset upon a change of control. Sophisticated sellers address these issues proactively by auditing their contracts and, where possible, removing or softening change-of-control language before going to market.</p>

<h2>How Change of Control Affects Agency Valuation</h2>

<p>Change-of-control provisions directly impact both valuation and deal structure. If key client contracts contain termination-upon-change-of-control clauses, buyers will often discount their valuation by the amount of revenue deemed at risk. An agency with $4M in revenue might see its effective valuation base reduced to $3.2M if $800,000 in client contracts have unfavorable change-of-control terms. This alone could reduce the purchase price by $400,000 or more at a 5x revenue-at-risk discount. Alternatively, buyers may shift more of the purchase price into an earnout structure, conditioning payment on client retention post-closing. Sellers who proactively secure client consent or renegotiate contracts to remove these clauses before listing their agency can materially strengthen their negotiating position.</p>

<h2>Example</h2>

<p>A paid media agency with $2.8M in annual revenue has a $700,000 retainer contract with a financial services client. The contract includes a change-of-control clause allowing the client to terminate with 60 days' notice upon ownership transfer. During due diligence, the buyer identifies this risk and reduces their initial 6x EBITDA offer by $350,000 (reflecting a 50% probability of client departure). The seller responds by securing a written commitment from the client to remain for at least 18 months post-acquisition, and the buyer restores $250,000 of the reduction, settling on a final price of $2.98M.</p>

<h2>Related Terms</h2>

<ul>
<li><a href=""/glossary/non-compete-agreement/"">Non-Compete Agreement</a></li>
<li><a href=""/glossary/transition-period/"">Transition Period</a></li>
<li><a href=""/glossary/drag-along-rights/"">Drag-Along Rights</a></li>
<li><a href=""/glossary/tag-along-rights/"">Tag-Along Rights</a></li>
</ul>

<h2>Further Reading</h2>

<ul>
<li><a href=""/sell-your-agency/"">Sell Your Agency</a></li>
<li><a href=""/agency-valuation/"">Agency Valuation Guide</a></li>
<li><a href=""/ma-blog/"">Agency M&A Blog</a></li>
</ul>

<p><strong>Ready to find out what your agency is worth?</strong></p>

<p><a href=""/agency-valuation/"">Get Your Agency Valued</a> | <a href=""/contact-us/"">Schedule a Call</a></p>","Change of Control in Agency M&A - Guide | Agencies.co","Learn what change-of-control clauses mean for agency M&A, how they affect client contracts, and how to manage risk as a seller. Visit Agencies.co.","change of control agency","non-compete-agreement,transition-period,drag-along-rights,tag-along-rights","{""@context"":""https://schema.org"",""@graph"":[{""@type"":""DefinedTerm"",""name"":""Change of Control"",""description"":""A change of control occurs when a majority ownership stake in a company transfers to a new party, either through a sale, merger, or significant equity restructuring. Change-of-control clauses appear in client contracts, employee agreements, vendor agreements, and loan documents, and they define what happens \u2014 or what rights are triggered \u2014 when ownership changes hands."",""url"":""https://agencies.co/glossary/change-of-control/"",""inDefinedTermSet"":{""@type"":""DefinedTermSet"",""name"":""Agency M&A Glossary"",""url"":""https://agencies.co/glossary/""}},{""@type"":""BreadcrumbList"",""itemListElement"":[{""@type"":""ListItem"",""position"":1,""name"":""Home"",""item"":""https://agencies.co/""},{""@type"":""ListItem"",""position"":2,""name"":""Glossary"",""item"":""https://agencies.co/glossary/""},{""@type"":""ListItem"",""position"":3,""name"":""Change of Control"",""item"":""https://agencies.co/glossary/change-of-control/""}]}]}"
"What Is Transition Period? | Agency M&A Definition","transition-period","<h1>What Is Transition Period? (Agency M&amp;A Definition)</h1>

<p>A transition period is the timeframe after an agency sale closes during which the former owner remains involved in the business to ensure a smooth handover. During this period, the seller typically helps transfer client relationships, introduce the new ownership to key accounts, train incoming leadership, and maintain operational continuity. Transition periods in agency M&A generally range from 6 to 24 months.</p>

<h2>Transition Period in Agency M&amp;A</h2>

<p>The transition period is arguably the most important phase of any marketing agency acquisition because the agency's value walks out the door every night. When a buyer acquires a PR agency or a creative shop, the clients did not choose to work with the new owner — they chose the founder, the creative director, or the account team they have known for years. Without a carefully managed transition, client attrition can spike dramatically in the first 12 months post-close. Buyers evaluating a creative agency typically require the founder to stay involved for at least 12 months, often 18-24 months for agencies above $2M in revenue. During this period, the former owner gradually introduces the buyer's leadership to key clients, transfers institutional knowledge about campaign strategies and client preferences, and ensures the operations team can function independently. The transition period is usually formalized in a consulting agreement or employment contract that specifies the seller's time commitment (full-time tapering to part-time), responsibilities, compensation, and the conditions under which the arrangement can be terminated early. Sellers should negotiate clear boundaries to avoid being treated as a full-time employee indefinitely.</p>

<h2>How Transition Period Affects Agency Valuation</h2>

<p>Transition period terms directly influence deal pricing because they affect the buyer's confidence in retaining the agency's revenue base. A seller who commits to a robust 18-month transition typically commands a higher upfront multiple — often 0.5x or more on EBITDA — compared to a seller insisting on a 3-month exit. Buyers view a longer transition as de-risking the investment, which justifies paying closer to the top of the 4-8x EBITDA range common in agency deals. However, the transition period also interacts with earnout structures: sellers who remain through a longer transition have more opportunity to hit earnout targets, which can increase their total compensation. In the UK, where agency acquisitions often involve £2M-£4M deals, transition periods tend to be slightly longer, reflecting the relationship-heavy nature of European client management.</p>

<h2>Example</h2>

<p>A digital marketing agency sells for $3.5M at 7x EBITDA ($500,000). The purchase agreement includes an 18-month transition period structured in three phases: months 1-6, the founder works full-time at $180,000 annualized salary, personally introducing the buyer's team to all 32 active clients; months 7-12, the founder shifts to three days per week at $120,000 annualized, available for strategic client meetings; months 13-18, the founder works one day per week at $60,000 annualized, on call for escalations only. Total transition compensation: $270,000 plus the $3.5M purchase price.</p>

<h2>Related Terms</h2>

<ul>
<li><a href=""/glossary/non-compete-agreement/"">Non-Compete Agreement</a></li>
<li><a href=""/glossary/change-of-control/"">Change of Control</a></li>
<li><a href=""/glossary/key-person-risk/"">Key Person Risk</a></li>
<li><a href=""/glossary/earnout/"">Earnout</a></li>
</ul>

<h2>Further Reading</h2>

<ul>
<li><a href=""/sell-your-agency/"">Sell Your Agency</a></li>
<li><a href=""/agency-valuation/"">Agency Valuation Guide</a></li>
<li><a href=""/ma-blog/"">Agency M&A Blog</a></li>
</ul>

<p><strong>Ready to find out what your agency is worth?</strong></p>

<p><a href=""/agency-valuation/"">Get Your Agency Valued</a> | <a href=""/contact-us/"">Schedule a Call</a></p>","Transition Period in Agency M&A - Guide | Agencies.co","Understand how transition periods work after selling an agency, typical lengths, and how they affect your deal value. Expert guidance at Agencies.co.","transition period agency sale","non-compete-agreement,change-of-control,key-person-risk,earnout","{""@context"":""https://schema.org"",""@graph"":[{""@type"":""DefinedTerm"",""name"":""Transition Period"",""description"":""A transition period is the timeframe after an agency sale closes during which the former owner remains involved in the business to ensure a smooth handover. During this period, the seller typically helps transfer client relationships, introduce the new ownership to key accounts, train incoming leadership, and maintain operational continuity. Transition periods in agency M&A generally range from 6 to 24 months."",""url"":""https://agencies.co/glossary/transition-period/"",""inDefinedTermSet"":{""@type"":""DefinedTermSet"",""name"":""Agency M&A Glossary"",""url"":""https://agencies.co/glossary/""}},{""@type"":""BreadcrumbList"",""itemListElement"":[{""@type"":""ListItem"",""position"":1,""name"":""Home"",""item"":""https://agencies.co/""},{""@type"":""ListItem"",""position"":2,""name"":""Glossary"",""item"":""https://agencies.co/glossary/""},{""@type"":""ListItem"",""position"":3,""name"":""Transition Period"",""item"":""https://agencies.co/glossary/transition-period/""}]}]}"
"What Is Holdback? | Agency M&A Definition","holdback","<h1>What Is Holdback? (Agency M&amp;A Definition)</h1>

<p>A holdback is a portion of the purchase price that the buyer withholds at closing, held in reserve for a specified period to cover potential post-closing liabilities, indemnification claims, or purchase price adjustments. Unlike an earnout, a holdback is money the seller has already earned — it is simply delayed in its release. Holdbacks in agency deals typically range from 5% to 15% of the total purchase price.</p>

<h2>Holdback in Agency M&amp;A</h2>

<p>Holdbacks are a standard feature in marketing agency acquisitions because agencies carry risks that are difficult to fully quantify before closing. Client churn in the first 90 days, undisclosed tax liabilities, pending legal claims, or inaccurate revenue reporting can all surface after the buyer takes ownership. When selling a digital marketing agency, the buyer may hold back 10% of the purchase price for 12-18 months to protect against these scenarios. The holdback effectively acts as the seller's guarantee that their representations and warranties in the purchase agreement are accurate. If no claims materialize during the holdback period, the full amount is released to the seller. If issues arise — say a major client was actually on a month-to-month agreement rather than the annual contract represented during due diligence — the buyer can draw from the holdback to cover losses. Sellers should negotiate specific and limited triggers for holdback claims, a clear timeline for release, and ideally a partial release schedule where 50% is released at 6 months and the remainder at 12 months, assuming no outstanding claims.</p>

<h2>How Holdback Affects Agency Valuation</h2>

<p>Holdbacks affect the seller's effective proceeds and cash flow timing rather than the headline purchase price. A $3M deal with a 10% holdback means the seller receives $2.7M at closing and must wait 12-18 months for the remaining $300,000. For agency owners planning to reinvest, retire, or fund a new venture, this delay has real economic impact. From a buyer's perspective, holdbacks are a less adversarial alternative to reducing the purchase price outright for perceived risks. Rather than arguing over whether the agency is worth 5x or 5.5x EBITDA, the buyer can offer 5.5x with a 10% holdback, creating a mechanism to adjust the effective price if specific risks materialize. Sellers can minimize holdback amounts by providing thorough documentation during due diligence and offering representations insurance.</p>

<h2>Example</h2>

<p>A search marketing agency sells for $2.4M (6x EBITDA of $400,000). The buyer withholds 10%, or $240,000, in a holdback account for 12 months. The seller receives $2.16M at closing. At month 8, the buyer discovers that a $120,000 annual client contract was overstated — the actual contract value is $85,000. The buyer files a holdback claim for $35,000 to cover the revenue shortfall. At month 12, the remaining $205,000 ($240,000 minus the $35,000 claim) is released to the seller, bringing total proceeds to $2.365M.</p>

<h2>Related Terms</h2>

<ul>
<li><a href=""/glossary/escrow/"">Escrow</a></li>
<li><a href=""/glossary/indemnification/"">Indemnification</a></li>
<li><a href=""/glossary/earnout/"">Earnout</a></li>
<li><a href=""/glossary/purchase-agreement/"">Purchase Agreement</a></li>
</ul>

<h2>Further Reading</h2>

<ul>
<li><a href=""/sell-your-agency/"">Sell Your Agency</a></li>
<li><a href=""/agency-valuation-multiples/"">Agency Valuation Multiples</a></li>
<li><a href=""/ma-blog/"">Agency M&A Blog</a></li>
</ul>

<p><strong>Ready to find out what your agency is worth?</strong></p>

<p><a href=""/agency-valuation/"">Get Your Agency Valued</a> | <a href=""/contact-us/"">Schedule a Call</a></p>","Holdback in Agency M&A - Guide | Agencies.co","Learn how holdbacks work in agency M&A, typical percentages, and how to negotiate release terms when selling your marketing agency. Visit Agencies.co.","holdback agency M&A","escrow,indemnification,earnout,purchase-agreement","{""@context"":""https://schema.org"",""@graph"":[{""@type"":""DefinedTerm"",""name"":""Holdback"",""description"":""A holdback is a portion of the purchase price that the buyer withholds at closing, held in reserve for a specified period to cover potential post-closing liabilities, indemnification claims, or purchase price adjustments. Unlike an earnout, a holdback is money the seller has already earned \u2014 it is simply delayed in its release. Holdbacks in agency deals typically range from 5% to 15% of the total purchase price."",""url"":""https://agencies.co/glossary/holdback/"",""inDefinedTermSet"":{""@type"":""DefinedTermSet"",""name"":""Agency M&A Glossary"",""url"":""https://agencies.co/glossary/""}},{""@type"":""BreadcrumbList"",""itemListElement"":[{""@type"":""ListItem"",""position"":1,""name"":""Home"",""item"":""https://agencies.co/""},{""@type"":""ListItem"",""position"":2,""name"":""Glossary"",""item"":""https://agencies.co/glossary/""},{""@type"":""ListItem"",""position"":3,""name"":""Holdback"",""item"":""https://agencies.co/glossary/holdback/""}]}]}"
"What Is PEG Ratio? | Agency M&A Definition","peg-ratio","<h1>What Is PEG Ratio? (Agency M&amp;A Definition)</h1>

<p>The PEG ratio, or price-to-earnings-growth ratio, measures a company's valuation relative to its earnings growth rate. It is calculated by dividing the price-to-earnings (P/E) ratio by the annual earnings growth rate. A PEG ratio below 1.0 suggests a company may be undervalued given its growth, while a ratio above 1.0 may indicate overvaluation relative to growth prospects.</p>

<h2>PEG Ratio in Agency M&amp;A</h2>

<p>While the PEG ratio originated in public equity markets, it has become increasingly relevant in marketing agency M&A as buyers look for ways to compare agencies growing at different rates. A fast-growing programmatic advertising agency and a mature traditional media buying shop might both trade at 6x EBITDA, but the PEG ratio helps distinguish which deal offers better value. Buyers evaluating a creative agency with rapid revenue growth can use the PEG ratio to justify paying a premium multiple. For instance, an agency with a P/E equivalent of 12x and 30% annual earnings growth has a PEG of 0.4, suggesting strong value. In practice, most private agency transactions do not explicitly cite the PEG ratio in term sheets, but the underlying logic is embedded in every negotiation about growth premiums. Private equity firms acquiring marketing agencies are particularly fond of this metric because they need to model exit multiples. An agency growing earnings at 25% annually can absorb a higher entry multiple because the effective PEG ratio compresses over the hold period. Sellers should prepare historical and projected growth rates to support PEG-based arguments for premium pricing.</p>

<h2>How PEG Ratio Affects Agency Valuation</h2>

<p>The PEG ratio gives buyers a framework for paying above-market multiples for high-growth agencies without overpaying. In the marketing agency space where typical EBITDA multiples range from 4-8x, the PEG ratio helps explain why a rapidly growing HubSpot partner agency might command 8x while a flat-growth web design shop trades at 4x. An agency with $500,000 in EBITDA growing at 40% annually has a PEG of approximately 0.15 at a 6x multiple (equivalent P/E of ~6 divided by 40), making it appear attractively priced despite the seemingly high multiple. Conversely, an agency with stagnant earnings at 6x would have an extremely high PEG ratio, signaling that the buyer is paying for a plateau rather than a trajectory.</p>

<h2>Example</h2>

<p>Two email marketing agencies are for sale. Agency A has $600,000 EBITDA growing at 8% annually, priced at 5x ($3M). Agency B has $450,000 EBITDA growing at 35% annually, priced at 7x ($3.15M). Agency A's PEG ratio is 0.63 (5 divided by 8). Agency B's PEG ratio is 0.20 (7 divided by 35). Despite Agency B's higher sticker multiple, its PEG ratio reveals it is the better value relative to growth. A buyer acquiring Agency B at 7x today could see the effective multiple compress to under 4x within two years if growth continues.</p>

<h2>Related Terms</h2>

<ul>
<li><a href=""/glossary/valuation-multiple/"">Valuation Multiple</a></li>
<li><a href=""/glossary/rule-of-40/"">Rule of 40</a></li>
<li><a href=""/glossary/enterprise-value/"">Enterprise Value</a></li>
<li><a href=""/glossary/recurring-revenue/"">Recurring Revenue</a></li>
</ul>

<h2>Further Reading</h2>

<ul>
<li><a href=""/agency-valuation/"">Agency Valuation Guide</a></li>
<li><a href=""/agency-valuation-multiples/"">Agency Valuation Multiples</a></li>
<li><a href=""/ma-blog/"">Agency M&A Blog</a></li>
</ul>

<p><strong>Ready to find out what your agency is worth?</strong></p>

<p><a href=""/agency-valuation/"">Get Your Agency Valued</a> | <a href=""/contact-us/"">Schedule a Call</a></p>","PEG Ratio in Agency M&A - Guide | Agencies.co","Discover how the PEG ratio helps buyers and sellers evaluate marketing agency growth versus valuation in M&A deals. Learn more at Agencies.co.","PEG ratio agency valuation","valuation-multiple,rule-of-40,enterprise-value,recurring-revenue","{""@context"":""https://schema.org"",""@graph"":[{""@type"":""DefinedTerm"",""name"":""PEG Ratio"",""description"":""The PEG ratio, or price-to-earnings-growth ratio, measures a company's valuation relative to its earnings growth rate. It is calculated by dividing the price-to-earnings (P/E) ratio by the annual earnings growth rate. A PEG ratio below 1.0 suggests a company may be undervalued given its growth, while a ratio above 1.0 may indicate overvaluation relative to growth prospects."",""url"":""https://agencies.co/glossary/peg-ratio/"",""inDefinedTermSet"":{""@type"":""DefinedTermSet"",""name"":""Agency M&A Glossary"",""url"":""https://agencies.co/glossary/""}},{""@type"":""BreadcrumbList"",""itemListElement"":[{""@type"":""ListItem"",""position"":1,""name"":""Home"",""item"":""https://agencies.co/""},{""@type"":""ListItem"",""position"":2,""name"":""Glossary"",""item"":""https://agencies.co/glossary/""},{""@type"":""ListItem"",""position"":3,""name"":""PEG Ratio"",""item"":""https://agencies.co/glossary/peg-ratio/""}]}]}"
"What Is Rule of 40? | Agency M&A Definition","rule-of-40","<h1>What Is Rule of 40? (Agency M&amp;A Definition)</h1>

<p>The Rule of 40 is a performance benchmark stating that a healthy company's combined revenue growth rate and profit margin should equal or exceed 40%. For example, an agency growing at 25% with a 15% profit margin scores 40 and meets the threshold. Originally popularized in SaaS, it has been adopted in agency M&A to evaluate agencies with recurring or retainer-based revenue models.</p>

<h2>Rule of 40 in Agency M&amp;A</h2>

<p>The Rule of 40 has gained traction in marketing agency M&A as more agencies shift toward predictable, retainer-based revenue models that resemble SaaS businesses. When evaluating a digital marketing agency with managed services contracts or a marketing automation agency with monthly retainers, buyers increasingly apply this benchmark to assess whether the agency balances growth and profitability effectively. An agency growing revenue at 30% but operating at a 5% margin scores 35 — below the threshold — suggesting it is scaling unsustainably. An agency growing at 10% with a 25% EBITDA margin scores 35 as well, indicating solid profitability but limited growth appeal. The sweet spot for agency acquirers is a score above 40, ideally driven by a combination of at least 15% growth and 20%+ margins. Agencies scoring above 50 are considered exceptional and typically attract competitive interest from private equity buyers and strategic acquirers. Sellers preparing for an exit should track their Rule of 40 score over time and consider whether investing in growth or improving margins will more effectively push them above the threshold before going to market.</p>

<h2>How Rule of 40 Affects Agency Valuation</h2>

<p>The Rule of 40 has become a shorthand for premium valuation in agency M&A. Agencies that consistently exceed a score of 40 typically command multiples at the upper end of the 4-8x EBITDA range, often 6.5x-8x. Those falling below 30 tend to cluster at 4-5x. The metric is especially powerful because it accommodates different business strategies: a high-growth agency reinvesting profits and a mature profitable agency can both achieve strong scores through different paths. Private equity buyers, who now account for a significant share of agency acquisitions, use the Rule of 40 to benchmark potential acquisitions against their existing portfolio companies. Agencies scoring above 40 are more likely to receive unsolicited acquisition interest and can run more competitive sale processes.</p>

<h2>Example</h2>

<p>A marketing analytics agency generates $3.2M in annual revenue with $640,000 in EBITDA (20% margin) and year-over-year revenue growth of 22%. Its Rule of 40 score is 42 (22 + 20), placing it above the benchmark. This score helps the agency attract a 7x EBITDA offer ($4.48M) from a private equity-backed holding company. A comparable agency in the same niche with $3.4M in revenue but only 8% growth and 18% margins scores 26, receiving offers in the 4.5-5x range. The $360,000 EBITDA difference between the two businesses is dwarfed by the $1.6M gap in enterprise value driven by the Rule of 40 differential.</p>

<h2>Related Terms</h2>

<ul>
<li><a href=""/glossary/peg-ratio/"">PEG Ratio</a></li>
<li><a href=""/glossary/recurring-revenue/"">Recurring Revenue</a></li>
<li><a href=""/glossary/ebitda/"">EBITDA</a></li>
<li><a href=""/glossary/valuation-multiple/"">Valuation Multiple</a></li>
</ul>

<h2>Further Reading</h2>

<ul>
<li><a href=""/agency-valuation/"">Agency Valuation Guide</a></li>
<li><a href=""/agency-valuation-multiples/"">Agency Valuation Multiples</a></li>
<li><a href=""/ma-blog/"">Agency M&A Blog</a></li>
</ul>

<p><strong>Ready to find out what your agency is worth?</strong></p>

<p><a href=""/agency-valuation/"">Get Your Agency Valued</a> | <a href=""/contact-us/"">Schedule a Call</a></p>","Rule of 40 in Agency M&A - Guide | Agencies.co","Learn how the Rule of 40 benchmark applies to marketing agency valuations, why buyers use it, and how to improve your score. Visit Agencies.co.","rule of 40 agency","peg-ratio,recurring-revenue,ebitda,valuation-multiple","{""@context"":""https://schema.org"",""@graph"":[{""@type"":""DefinedTerm"",""name"":""Rule of 40"",""description"":""The Rule of 40 is a performance benchmark stating that a healthy company's combined revenue growth rate and profit margin should equal or exceed 40%. For example, an agency growing at 25% with a 15% profit margin scores 40 and meets the threshold. Originally popularized in SaaS, it has been adopted in agency M&A to evaluate agencies with recurring or retainer-based revenue models."",""url"":""https://agencies.co/glossary/rule-of-40/"",""inDefinedTermSet"":{""@type"":""DefinedTermSet"",""name"":""Agency M&A Glossary"",""url"":""https://agencies.co/glossary/""}},{""@type"":""BreadcrumbList"",""itemListElement"":[{""@type"":""ListItem"",""position"":1,""name"":""Home"",""item"":""https://agencies.co/""},{""@type"":""ListItem"",""position"":2,""name"":""Glossary"",""item"":""https://agencies.co/glossary/""},{""@type"":""ListItem"",""position"":3,""name"":""Rule of 40"",""item"":""https://agencies.co/glossary/rule-of-40/""}]}]}"
"What Is Churn Rate? | Agency M&A Definition","churn-rate","<h1>What Is Churn Rate? (Agency M&amp;A Definition)</h1>

<p>Churn rate measures the percentage of clients or revenue lost over a given period, typically calculated monthly or annually. In the agency context, it reflects how many clients discontinue their engagements or reduce their spending. A high churn rate signals instability in the client base, while a low churn rate indicates strong retention and client satisfaction.</p>

<h2>Churn Rate in Agency M&amp;A</h2>

<p>Churn rate is one of the first metrics buyers examine in marketing agency M&A because it reveals the durability of the revenue stream. When selling a digital marketing agency, owners should expect buyers to calculate both logo churn (percentage of clients lost) and revenue churn (percentage of revenue lost) over the trailing 24 months. These numbers often tell different stories: an agency might lose 20% of its smallest clients annually while retaining all major accounts, resulting in high logo churn but low revenue churn. Buyers evaluating a creative agency typically benchmark churn against industry standards. For retainer-based agencies, annual revenue churn below 10% is considered strong, 10-20% is acceptable, and above 20% is a red flag. Project-based agencies naturally have higher logo churn since clients come and go with campaign cycles, but savvy sellers reframe this by showing repeat client rates instead. During due diligence, buyers will also analyze churn patterns — seasonal fluctuations, churn spikes after team departures, or churn concentrated in a specific service line — to understand root causes and predict future retention under new ownership.</p>

<h2>How Churn Rate Affects Agency Valuation</h2>

<p>Churn rate has an outsized impact on agency valuation because it directly determines the predictability and longevity of future cash flows. An agency with 5% annual revenue churn commands significantly higher multiples than one with 25% churn, even if both have identical current-year EBITDA. In concrete terms, each 5-percentage-point improvement in annual churn rate can add 0.3x-0.5x to the EBITDA multiple. For an agency with $500,000 in EBITDA, reducing churn from 20% to 10% could increase the sale price by $150,000-$250,000. Buyers discount high-churn agencies because they must spend more on business development to replace lost revenue, which compresses future margins. Some buyers use a discounted cash flow model that directly incorporates churn, projecting revenue decay over the hold period.</p>

<h2>Example</h2>

<p>A content marketing agency with $2.2M in revenue starts the year with 40 retainer clients. Over 12 months, 8 clients cancel their retainers (representing $380,000 in annual revenue) while 6 new clients are added. The logo churn rate is 20% (8 out of 40), and the gross revenue churn rate is 17.3% ($380,000 divided by $2.2M). A buyer applies a 5x EBITDA multiple to the agency's $440,000 EBITDA, then applies a 10% risk discount ($220,000) due to the elevated churn, arriving at an adjusted offer of $1.98M instead of $2.2M. The seller counters by demonstrating that 5 of the 8 lost clients were project-based, and the true retainer churn rate is only 7.5%, ultimately negotiating the price back up to $2.1M.</p>

<h2>Related Terms</h2>

<ul>
<li><a href=""/glossary/net-revenue-retention/"">Net Revenue Retention</a></li>
<li><a href=""/glossary/recurring-revenue/"">Recurring Revenue</a></li>
<li><a href=""/glossary/lifetime-value/"">Lifetime Value</a></li>
<li><a href=""/glossary/client-concentration/"">Client Concentration</a></li>
</ul>

<h2>Further Reading</h2>

<ul>
<li><a href=""/agency-valuation/"">Agency Valuation Guide</a></li>
<li><a href=""/agency-valuation-multiples/"">Agency Valuation Multiples</a></li>
<li><a href=""/sell-your-agency/"">Sell Your Agency</a></li>
</ul>

<p><strong>Ready to find out what your agency is worth?</strong></p>

<p><a href=""/agency-valuation/"">Get Your Agency Valued</a> | <a href=""/contact-us/"">Schedule a Call</a></p>","Churn Rate in Agency M&A - Guide | Agencies.co","Understand how churn rate impacts your agency's valuation in M&A, what buyers look for, and how to reduce client attrition. Explore Agencies.co.","churn rate agency valuation","net-revenue-retention,recurring-revenue,lifetime-value,client-concentration","{""@context"":""https://schema.org"",""@graph"":[{""@type"":""DefinedTerm"",""name"":""Churn Rate"",""description"":""Churn rate measures the percentage of clients or revenue lost over a given period, typically calculated monthly or annually. In the agency context, it reflects how many clients discontinue their engagements or reduce their spending. A high churn rate signals instability in the client base, while a low churn rate indicates strong retention and client satisfaction."",""url"":""https://agencies.co/glossary/churn-rate/"",""inDefinedTermSet"":{""@type"":""DefinedTermSet"",""name"":""Agency M&A Glossary"",""url"":""https://agencies.co/glossary/""}},{""@type"":""BreadcrumbList"",""itemListElement"":[{""@type"":""ListItem"",""position"":1,""name"":""Home"",""item"":""https://agencies.co/""},{""@type"":""ListItem"",""position"":2,""name"":""Glossary"",""item"":""https://agencies.co/glossary/""},{""@type"":""ListItem"",""position"":3,""name"":""Churn Rate"",""item"":""https://agencies.co/glossary/churn-rate/""}]}]}"
"What Is Lifetime Value? | Agency M&A Definition","lifetime-value","<h1>What Is Lifetime Value? (Agency M&amp;A Definition)</h1>

<p>Lifetime value (LTV) is the total revenue or profit an agency expects to earn from a single client over the entire duration of that relationship. It is calculated by multiplying the average annual revenue per client by the average client lifespan in years. LTV is a key indicator of client relationship depth and the long-term revenue potential embedded in an agency's book of business.</p>

<h2>Lifetime Value in Agency M&amp;A</h2>

<p>Lifetime value is a powerful metric in marketing agency M&A because it quantifies the economic worth of each client relationship — the core asset in any agency transaction. When selling a digital marketing agency, presenting LTV data demonstrates to buyers that clients are not just sources of current revenue but long-term income streams. Buyers evaluating a creative agency typically calculate LTV alongside customer acquisition cost (CAC) to determine the LTV-to-CAC ratio, which measures how efficiently the agency converts business development spend into durable revenue. An LTV-to-CAC ratio above 3:1 is considered healthy for service businesses. In practice, LTV varies significantly across agency types. An SEO agency with average annual retainers of $60,000 and an average client lifespan of 3.5 years has an LTV of $210,000 per client. A project-based branding agency with $40,000 average project fees but a 1.5-year average relationship has an LTV of just $60,000. These differences explain why retainer-heavy agencies typically command higher valuations. Sellers should segment their LTV calculations by client type, service line, and acquisition channel to tell a nuanced story about which parts of their business generate the most durable value.</p>

<h2>How Lifetime Value Affects Agency Valuation</h2>

<p>Lifetime value directly influences agency multiples because it reveals the compounding nature of retained client relationships. An agency with a high average LTV signals to buyers that each client acquired continues generating revenue for years, reducing the need for constant new business development and improving long-term margin stability. Agencies with average client LTVs above $150,000 tend to command multiples in the 6-8x EBITDA range, while those below $50,000 cluster at 4-5x. The metric also helps buyers model post-acquisition revenue: if the agency's 30 current clients each have a remaining projected LTV of $120,000, the buyer can estimate approximately $3.6M in future revenue from the existing base alone, before accounting for new client wins. High LTV also reduces integration risk because long-tenured clients are less likely to churn during the ownership transition.</p>

<h2>Example</h2>

<p>An integrated marketing agency has 25 active clients. The average annual revenue per client is $96,000, and the average client relationship lasts 4.2 years, yielding an average LTV of $403,200. The agency's total client portfolio LTV is approximately $10.08M (25 clients multiplied by $403,200). The agency generates $2.4M in current annual revenue with $480,000 EBITDA. A buyer sees that the portfolio LTV of $10.08M represents over 4x the current annual revenue, indicating deep, durable relationships. This supports a 7x EBITDA offer ($3.36M). A competing agency with similar EBITDA but an average LTV of only $120,000 receives offers at 5x ($2.4M), reflecting its less durable client base.</p>

<h2>Related Terms</h2>

<ul>
<li><a href=""/glossary/churn-rate/"">Churn Rate</a></li>
<li><a href=""/glossary/recurring-revenue/"">Recurring Revenue</a></li>
<li><a href=""/glossary/net-revenue-retention/"">Net Revenue Retention</a></li>
<li><a href=""/glossary/client-concentration/"">Client Concentration</a></li>
</ul>

<h2>Further Reading</h2>

<ul>
<li><a href=""/agency-valuation/"">Agency Valuation Guide</a></li>
<li><a href=""/agency-valuation-multiples/"">Agency Valuation Multiples</a></li>
<li><a href=""/sell-your-agency/"">Sell Your Agency</a></li>
</ul>

<p><strong>Ready to find out what your agency is worth?</strong></p>

<p><a href=""/agency-valuation/"">Get Your Agency Valued</a> | <a href=""/contact-us/"">Schedule a Call</a></p>","Lifetime Value in Agency M&A - Guide | Agencies.co","Learn how client lifetime value (LTV) drives agency valuations in M&A, how to calculate it, and why buyers prioritize it. Visit Agencies.co today.","lifetime value agency","churn-rate,recurring-revenue,net-revenue-retention,client-concentration","{""@context"":""https://schema.org"",""@graph"":[{""@type"":""DefinedTerm"",""name"":""Lifetime Value"",""description"":""Lifetime value (LTV) is the total revenue or profit an agency expects to earn from a single client over the entire duration of that relationship. It is calculated by multiplying the average annual revenue per client by the average client lifespan in years. LTV is a key indicator of client relationship depth and the long-term revenue potential embedded in an agency's book of business."",""url"":""https://agencies.co/glossary/lifetime-value/"",""inDefinedTermSet"":{""@type"":""DefinedTermSet"",""name"":""Agency M&A Glossary"",""url"":""https://agencies.co/glossary/""}},{""@type"":""BreadcrumbList"",""itemListElement"":[{""@type"":""ListItem"",""position"":1,""name"":""Home"",""item"":""https://agencies.co/""},{""@type"":""ListItem"",""position"":2,""name"":""Glossary"",""item"":""https://agencies.co/glossary/""},{""@type"":""ListItem"",""position"":3,""name"":""Lifetime Value"",""item"":""https://agencies.co/glossary/lifetime-value/""}]}]}"
